actual,predicted
2973,2878
743,461
13,4
0,0
3069,3074
0,0
3180,3148
3309,3314
0,0
3086,3103
1,8
2831,2816
3086,3073
14,18
3241,3249
1,0
0,0
3043,3031
3086,3078
14,3
0,0
0,3
19,21
2973,3024
1536,1541
3,23
3086,3065
0,0
4,4
3228,3201
3086,3097
2,7
0,0
3241,3287
3086,3060
0,75
0,6
9,11
45,9
743,641
17,12
3228,3255
9,13
39,51
0,0
0,2
3086,3076
0,5
0,0
3069,3105
0,0
3086,3076
1,1
111,82
3180,3199
0,9
0,0
0,0
0,1
0,0
321,314
12,0
0,0
2831,2822
3086,3107
1,7
2,7
0,0
3086,3023
3241,3278
3,0
3086,3063
0,2
3241,3238
8,19
6,11
3241,3232
0,0
0,0
3180,3135
2970,2992
3180,3209
50,23
0,3
3228,3222
0,0
3241,3235
3086,3013
0,2
0,0
3086,3062
3309,3301
0,0
60,8
3180,3117
91,12
3069,3121
3086,3036
30,14
1,1
2973,2997
0,0
1536,1553
0,0
3086,3045
3180,3171
2973,2987
3180,3161
1536,1386
3180,3189
3086,3039
3241,3245
1,14
3241,3237
1,1
3241,3196
3241,3263
3,14
3,0
0,0
0,0
39,15
0,0
3228,3228
5,0
3086,3117
3,8
0,2
3241,3250
0,3
3069,3021
0,0
3086,3056
1,3
0,10
3,0
11,0
3180,3172
0,13
0,8
3043,3140
11,14
1,7
4,31
0,0
9,20
3069,2972
3069,3035
3086,3088
0,1
3309,3294
0,2
14,0
1,32
1536,1554
33,740
15,13
0,0
0,2
0,12
75,58
743,660
0,0
0,1
0,2
1,0
32,21
27,47
11,5
0,0
2,2
0,3
3241,3301
12,6
1536,1531
3,10
0,0
0,0
0,0
1,0
1,4
0,1
0,0
3069,3075
3069,3065
0,1
0,1
3241,3213
328,339
3043,2879
3309,3341
0,0
2831,2780
8,4
0,4
3069,3060
1,7
0,0
0,0
0,0
3180,3150
0,13
2,50
0,1
1536,1544
3309,3326
13,0
0,0
0,1
2973,2976
3086,3066
3228,3241
3069,3045
2973,2977
321,256
743,626
5,15
2831,2798
2831,2733
2831,2819
0,0
2,4
0,1
3,7
60,39
3241,3252
3241,3239
3241,3261
3069,3063
0,1
0,2
0,1
3086,3026
3180,3154
0,2
194,180
0,0
743,906
0,0
3180,3171
1,10
3309,3342
3069,3044
48,65
45,2
3,3
3180,3165
3309,3310
0,2
3309,3279
3228,3236
3,4
1536,1556
0,3
8,1
743,797
3241,3270
0,1
0,11
2973,2981
0,0
0,0
0,0
1,20
2,16
0,1
2973,2998
0,5
1,0
141,15
0,8
0,0
1,2
2973,3003
84,31
1,0
0,0
1,3
0,5
2,2
1536,1509
0,0
2,18
3241,3209
0,0
0,5
0,7
3086,3031
0,0
2,24
0,0
1536,1535
1,0
3043,3027
2831,2810
3086,3060
3180,3163
2,0
0,0
1,3
1,0
743,716
0,1
3,0
3,6
0,0
0,1
1536,1553
0,1
3086,3063
0,2
0,12
70,76
0,14
0,1
8,25
0,0
3,10
217,96
219,747
2,21
135,80
0,0
135,8
1,23
0,0
0,2
3086,3037
0,2
0,0
1,16
45,14
3241,3185
0,0
321,438
1536,1537
3086,3103
0,0
0,0
1,2
109,86
0,3
3241,3312
0,0
3069,3073
1,61
0,0
3086,3020
3309,3317
3241,3193
3180,3204
0,0
3309,3287
0,0
3180,3168
18,12
0,0
3241,3208
3086,3081
19,59
0,2
3086,3107
9,17
118,66
0,0
3086,3110
3086,3090
135,129
0,0
0,0
0,0
2831,2881
0,11
1,13
0,6
1,7
32,4
3086,3094
2973,2980
3241,3247
70,91
1,10
0,0
0,0
0,0
0,0
0,2
0,0
0,0
11,4
0,2
1536,1645
2973,2996
0,1
0,3
111,725
1,1
0,1
3043,3117
20,17
3241,3215
3086,3046
3241,3251
0,2
0,0
1,9
33,17
0,0
0,2
2973,2938
0,2
3241,3274
1,6
3241,3253
3180,3168
0,22
0,0
3086,3035
3241,3253
0,1
1,38
26,13
25,6
0,2
0,0
0,0
0,2
2831,2812
0,0
20,19
35,44
111,527
1536,1579
0,2
3086,3246
1536,1557
3228,3148
1,0
0,4
1,1
3180,3305
0,0
0,4
0,4
1536,1554
3180,3160
3309,3354
3241,3234
11,4
27,16
1536,1619
0,0
4,2
1,0
502,519
8,12
3241,3224
0,1
3069,3053
42,5
6,3
321,319
0,1
0,0
3241,3297
0,1
3086,3088
3069,3036
77,7
3241,3272
3043,3030
3069,2931
3,7
2,0
3241,3207
3241,3221
3241,3213
3228,3203
0,0
1536,1555
3180,3189
0,0
135,141
84,74
3228,3232
3241,3215
2831,2877
0,1
0,4
0,0
3069,2949
3241,3278
0,6
1536,1555
0,2
4,25
0,0
3086,3054
3241,3194
3241,3229
7,30
1,1
3228,3265
0,0
743,599
2,3
3086,3126
1,3
4,2
0,2
0,0
1536,1539
4,6
3241,3211
3086,3058
118,12
3180,3170
14,14
3309,3293
24,23
21,3
3241,3214
0,0
12,3
0,2
0,0
12,10
3241,3262
0,0
3,18
1,1
14,20
0,0
2831,2848
2,12
0,0
2831,2834
2973,3007
0,0
1,0
3228,3234
3069,2975
3086,3060
2,0
6,11
3241,3224
3228,3251
0,3
32,26
3,2
0,0
0,0
1,9
3086,3108
3180,3186
0,2
0,3
0,2
6,0
4,8
3086,3103
3241,3267
32,21
0,2
3228,3204
0,0
1,6
11,59
3,3
502,518
3228,3242
1536,1567
0,2
135,149
3228,3264
2,2
3180,3127
0,0
0,6
3069,3023
0,3
2831,2789
0,5
3180,3110
24,13
9,5
743,562
3228,3186
2,38
4,5
3069,3060
3086,3112
3241,3225
3086,3042
53,59
0,6
3069,3026
1,0
0,4
3086,3054
3228,3263
0,0
0,0
0,0
321,454
3069,3040
0,0
0,8
3086,3040
3086,3037
3241,3271
135,122
0,0
0,0
0,0
2831,2783
1536,1536
39,22
0,0
0,2
0,4
14,72
743,532
502,519
3086,3035
3086,3086
743,637
3043,3071
31,50
3228,3240
3086,3041
0,0
0,3
3,1
0,0
3086,3089
3309,3256
2973,2957
0,2
14,13
2831,2811
0,0
3069,3057
2,0
149,49
0,1
2,24
0,0
0,0
3309,3293
0,1
0,4
3086,2977
0,0
0,0
0,0
0,0
45,2
0,3
3241,3304
0,0
15,2
0,0
1,10
9,1
0,1
3086,3079
0,0
0,1
3086,3103
4,4
0,1
321,358
3241,3291
3241,3257
11,8
0,0
3241,3194
0,0
0,1
2,30
2,17
3241,3231
100,56
2,7
0,2
3086,3149
1536,1551
3180,3175
4,1
2831,2840
4,10
18,6
3086,2981
3309,3235
0,1
2831,2820
321,340
2,9
3180,3162
0,0
0,3
3309,3318
3086,3142
0,0
3,0
17,10
0,0
3241,3232
3241,3094
10,21
53,91
0,0
0,1
8,0
3180,3149
0,3
0,0
3069,3065
1,7
3086,3021
18,10
30,1
4,12
3228,3211
3,6
3,22
1536,1553
3241,3263
3228,3226
0,5
3086,3116
0,3
1,3
2973,2997
3241,3224
1,0
217,197
3,2
2973,2983
0,3
1,3
0,0
3086,3042
742,974
0,3
2973,2989
0,0
28,11
3241,3289
3241,3230
3043,3065
3309,3300
3086,3099
1,2
3180,3159
25,11
3086,3056
1,0
3241,3231
0,0
22,0
18,20
0,0
3086,3055
0,0
0,0
3228,3230
0,0
3241,3258
1,21
5,9
3043,3105
0,1
3241,3259
22,17
0,0
5,3
0,2
10,18
3180,3180
3180,3187
3086,3066
3228,3229
0,0
75,40
83,4
2831,2809
217,250
3309,3296
0,1
3309,3297
3241,3276
0,5
118,26
0,0
0,0
0,0
3,0
39,78
0,0
0,4
0,0
0,21
4,49
28,6
2973,2981
9,0
13,8
650,505
21,9
3241,3239
3,0
0,0
28,14
0,0
57,33
8,5
0,0
2831,2817
0,0
3086,3065
0,0
1536,1587
3228,3254
2831,2845
3086,3207
0,0
502,510
3086,3095
0,3
0,2
5,12
3043,3107
0,2
4,3
0,0
0,4
0,0
0,7
0,8
3241,3189
0,3
3241,3217
194,190
20,11
6,0
57,15
3180,3157
4,3
2831,2837
0,2
0,6
0,0
5,1
3086,3050
0,12
61,14
219,674
3309,3285
0,0
0,2
3309,3144
3069,2969
0,3
3228,3239
3043,3083
61,47
3241,3243
3086,3078
0,2
3,8
5,2
3309,3247
4,7
3086,3026
3069,2934
3069,3093
6,21
3180,3169
2,31
0,0
0,0
502,518
0,0
3086,3031
0,0
45,14
0,0
0,0
0,0
3086,3068
2,10
98,41
1536,1553
3086,3022
502,518
0,3
0,1
1,6
3241,3222
57,39
0,0
15,11
1,0
0,0
3241,3235
3069,3058
3180,3161
743,776
156,83
3309,3316
0,0
3086,3074
0,2
0,1
2831,2784
1,9
5,1
1536,1534
3241,3220
3309,3181
0,2
0,4
17,0
0,0
0,10
0,0
0,3
0,1
111,580
0,0
2831,2835
39,24
0,0
2831,2843
0,0
1536,1546
0,2
2831,2878
1536,1527
98,87
0,0
0,0
3086,3061
1,0
2,2
743,664
1,0
0,3
0,0
3069,3072
3241,3222
0,2
0,1
0,1
219,694
0,0
3069,2943
29,7
321,323
0,5
0,0
0,0
3241,3266
2,18
0,1
6,2
0,1
743,615
121,95
743,514
0,0
72,48
3,2
0,0
0,3
2,5
0,1
73,42
3180,3337
3228,3223
1536,1554
3241,3316
1,18
1,3
3,10
11,0
0,1
0,10
0,0
0,0
1536,1540
3043,3035
502,393
0,0
1536,1506
135,131
0,1
0,0
0,0
2,0
0,5
1,9
743,664
0,0
2,6
743,607
0,3
0,1
0,3
0,0
0,2
0,1
0,0
2831,2864
0,1
0,0
2,2
321,336
3180,3171
3180,3206
0,8
743,584
0,0
9,11
0,0
3309,3283
3086,3080
0,0
0,2
0,4
1,0
3069,3038
2831,2967
0,1
1,1
0,0
3,14
2973,2972
219,636
3309,3323
2,19
27,83
217,227
2973,2909
0,0
0,1
0,0
0,0
3228,3247
0,0
33,0
0,0
9,12
1,1
0,0
24,2
321,329
1536,1552
0,2
2831,2789
0,0
0,0
0,1
14,9
0,0
3180,3175
15,0
0,0
20,2
0,6
3241,3233
0,2
84,74
4,0
3,4
1536,1530
3309,3390
3086,3077
2973,2979
3180,3198
0,1
0,0
3241,3236
0,3
3241,3272
0,8
3069,2983
0,1
98,56
3086,3063
0,0
0,0
3241,3262
3086,3107
2831,2825
3309,3317
9,0
3086,3063
0,2
3,0
0,0
0,2
292,203
10,1
1,1
2,9
0,1
0,0
0,1
0,1
0,3
743,619
11,17
0,0
0,1
3069,2998
3069,3033
1,0
0,0
0,0
4,1
2,0
0,1
0,6
2,0
8,14
0,0
1,4
2973,2950
0,0
0,1
17,50
0,1
3,10
0,2
3241,3260
0,0
194,230
10,3
3228,3228
0,1
0,0
0,0
18,7
3069,3059
0,10
743,510
3180,3181
0,0
39,17
18,8
0,2
0,2
1,0
0,1
0,9
4,8
3241,3220
3241,3269
0,0
217,224
0,4
19,1
3241,3202
1,1
0,6
3,20
2,0
49,52
0,1
5,0
3228,3255
3241,3227
2973,2941
1,0
0,0
2831,2840
3086,3103
6,2
70,83
3241,3219
5,11
3069,3037
78,10
3241,3252
2,3
3086,3066
3228,3244
0,4
743,649
0,0
0,0
3228,3223
0,0
0,7
0,5
3043,3010
16,36
321,353
0,4
0,0
3309,3324
3,5
8,0
0,3
743,630
0,0
0,0
1,0
3241,3203
3241,3237
650,634
1,0
3086,3060
0,0
3241,3221
3228,3279
0,0
3043,3022
3241,3222
34,15
0,0
502,517
3086,2972
321,312
3086,3057
31,38
1,2
1,7
194,266
5,11
0,0
74,44
3086,3128
0,0
3180,3150
743,662
0,0
3241,3233
3043,3053
0,0
0,0
3228,3241
2831,2860
57,57
1,35
5,21
3309,3344
0,0
0,1
0,1
106,126
3069,3023
2,25
0,0
2831,2826
0,4
3069,3072
3309,3304
3180,3171
0,4
0,0
0,0
1536,1554
2,0
3180,3214
0,0
3043,3068
3241,3264
3180,3217
0,0
3069,3041
0,6
0,1
10,0
1536,1481
3241,3256
1536,1557
0,0
0,2
28,10
1,2
0,1
0,0
3228,3229
217,304
99,89
3086,3038
1,0
3241,3266
3309,3346
0,0
3043,3104
3228,3229
3,18
0,2
0,0
3086,3057
0,0
3180,3178
3086,3074
3069,3112
0,0
75,54
5,15
0,0
0,0
3228,3555
3309,3276
0,12
49,1
2,0
3241,3233
99,184
72,47
1536,1541
0,5
111,35
0,0
0,0
3241,3229
3241,3226
5,6
0,8
0,0
0,6
1,24
3228,3205
1536,1532
3241,3247
3241,3253
3241,3300
0,0
10,4
2,12
0,0
1536,1574
3309,3313
0,3
1,23
3086,3048
4,7
3069,3030
47,35
3069,3030
5,9
1,0
2,160
0,1
3309,3275
3241,3228
1536,1554
3069,3043
135,72
1,10
4,25
502,518
0,0
0,4
0,0
0,0
1,15
0,0
3180,3151
0,0
1,1
11,3
18,45
0,0
0,0
217,203
0,6
1536,1533
3241,3270
1536,1537
0,0
3086,3077
255,1
2973,3023
2,0
0,2
0,0
1,3
1,5
0,2
3180,3171
0,0
2,0
3309,3277
0,0
3086,3071
0,57
0,15
3180,3171
2,2
0,0
2,19
4,20
2831,2829
217,299
3241,3276
0,7
2973,2958
1,26
0,4
0,0
0,2
1,0
0,0
3228,3231
15,19
3086,3108
6,1
0,20
0,2
3043,3060
3309,3255
0,0
3086,3085
5,56
2,15
0,0
3241,3289
2973,2997
0,0
24,22
0,0
3086,3215
0,0
2973,2992
502,520
0,0
0,3
3241,3261
3180,3170
3228,3255
0,3
1536,1529
3086,3063
0,0
0,0
3180,3039
3,70
3228,3221
28,7
502,461
0,1
0,0
3,2
0,0
0,0
3309,3332
743,735
11,0
5,5
10,9
53,70
3241,3216
0,0
1536,1577
1,0
0,0
0,3
1,46
3086,3115
15,17
121,84
2,6
0,1
0,0
1,0
0,0
0,0
0,1
3180,3050
37,21
0,8
3180,3168
0,5
3309,3332
2831,2805
0,1
3086,3114
0,1
1,0
3043,3048
1536,1535
111,578
3069,3083
3228,3221
2831,2822
3241,3258
0,0
2,11
0,1
3086,3024
3086,3129
3180,3186
0,0
502,511
3241,3284
1,0
0,4
2,29
0,2
2,0
0,0
0,0
3043,3090
1,8
1,3
0,1
3180,3168
3086,3126
0,0
0,0
0,0
3086,3067
0,4
0,3
1,9
743,645
2,0
2831,2763
0,1
64,52
1536,1556
1,5
1,21
0,0
10,19
3086,3016
2,9
3241,3269
0,1
0,0
0,2
0,1
0,12
99,66
502,521
106,69
20,16
22,6
11,10
0,0
3309,3251
52,29
64,55
3086,3094
0,7
3241,3217
135,150
3309,3301
3309,3295
3228,3218
1,0
3069,2954
252,70
3228,3245
3180,3198
0,0
0,3
3228,3211
1,5
3,22
37,4
0,2
1,0
87,44
3069,3042
3086,3102
0,2
2970,3019
3228,3158
3069,2983
0,6
0,1
0,6
14,15
3086,3040
0,0
0,1
0,0
0,4
8,40
4,10
118,80
1,2
650,584
11,59
0,4
3086,3040
0,0
0,2
0,2
1536,1555
4,21
0,5
0,0
1536,1532
0,0
3180,3174
3241,3179
1536,1551
111,90
0,0
0,0
0,6
3228,3221
0,2
0,0
0,8
3069,3006
3180,3219
1,2
8,0
2973,3018
0,0
1536,1529
0,4
0,0
2,0
217,111
0,0
3241,3252
3309,3298
1536,1524
0,5
3069,3082
0,0
3241,3264
0,2
47,35
3309,3356
3180,3165
0,0
1536,1561
0,0
3086,3080
0,0
7,3
2973,2982
3180,3143
3086,3054
10,0
0,2
6,23
0,2
0,0
743,633
14,22
3086,3085
1536,1554
0,3
0,1
3241,3210
48,73
3309,3278
3228,3193
0,0
0,8
1,0
2973,2912
11,25
3309,3285
0,0
3,28
3086,3099
3180,3208
0,0
0,1
3241,3238
3086,3075
3180,3168
0,0
28,13
743,528
3309,3340
0,0
3,8
0,0
0,0
0,3
0,0
502,517
2831,2827
1,2
3309,3342
0,7
3086,3064
743,636
3,0
1,6
0,2
0,0
3241,3197
3086,3101
0,0
3241,3231
1,2
0,2
743,569
0,3
2973,3071
0,0
3086,3081
3180,3174
0,1
3241,3131
0,0
217,149
3043,2928
0,3
0,71
3180,3195
3228,3187
0,0
2831,2826
9,1
2831,2869
9,14
3043,3208
98,107
0,1
3241,3230
0,0
0,0
1,11
0,0
0,0
2831,2769
22,18
0,0
0,0
36,29
1,0
13,5
0,1
1,9
2,0
2,0
1,19
0,3
0,2
7,13
0,0
1,1
0,7
57,38
3309,3270
8,0
10,10
1,14
0,0
0,0
3069,3015
1536,1550
3180,3124
0,1
2831,2776
0,2
0,0
3043,3091
3228,3263
5,8
24,3
1536,1545
2831,2846
0,0
3,4
1,50
3309,3232
1,2
0,4
83,12
1536,1468
0,2
3241,3237
0,0
3086,3028
13,11
0,11
0,0
3086,3101
0,0
3,53
0,0
1,8
4,9
0,0
3069,3180
3180,3167
0,10
73,51
3180,3194
321,297
3241,3273
0,1
0,0
0,2
1,0
5,1
1,356
17,16
45,5
0,0
3086,3072
11,24
3086,3101
118,52
0,10
2973,2977
0,12
0,1
502,452
0,1
1536,1507
0,0
0,0
1,6
0,7
0,0
1536,1546
9,36
3241,3219
3086,3035
194,173
0,0
0,0
3,0
0,0
0,6
0,0
0,4
0,0
0,0
3069,3034
3086,3011
0,4
219,563
0,0
1536,1545
0,0
1,0
5,21
0,1
0,2
0,6
3309,3346
0,0
3241,3218
0,0
1,3
3069,3013
0,13
3086,3163
0,0
15,15
0,2
1,3
3241,3207
0,2
0,6
0,0
0,0
3180,3148
0,2
3241,3197
3241,3235
185,14
2973,2977
0,0
0,0
3241,3278
2,5
0,8
0,3
3043,3048
1,9
0,10
3180,3147
3180,3157
3086,3048
57,32
1536,1522
321,315
2,39
1,11
4,10
3180,3261
0,5
0,0
3241,3236
3241,3271
156,90
3241,3247
2,0
149,24
219,685
3241,3183
0,0
0,0
8,33
0,19
1,23
75,58
15,8
0,0
1,16
2973,2939
0,0
3086,3064
0,0
0,0
0,0
3241,3215
3086,3014
14,25
3241,3195
2973,2987
3309,3294
98,116
3241,3244
111,505
3241,3246
3241,3243
10,15
3241,3313
0,2
0,16
2973,3011
0,5
3086,3128
3180,3115
0,0
4,0
0,2
2831,2826
3241,3235
3241,3297
3180,3141
0,3
3069,3059
3241,3277
0,4
11,79
0,1
3086,3035
153,84
1536,1530
37,118
3180,3173
26,3
0,2
3086,3053
0,1
0,0
3180,3189
2973,3005
3086,3099
14,13
4,3
6,3
3069,3054
0,7
5,13
73,42
3241,3247
0,17
217,177
3241,3237
0,0
0,0
125,98
0,0
57,51
1536,1553
0,4
3309,3283
0,0
0,5
3086,3064
3241,3256
0,2
18,18
1536,1529
1,2
0,169
0,0
202,69
3241,3199
2831,2828
0,0
111,605
1,7
3086,2959
0,1
0,0
0,0
2973,2965
743,613
502,520
9,10
743,577
1,1
1,0
0,0
3241,3248
2973,3020
2,6
3180,3183
0,0
0,7
0,0
2973,3036
3043,3024
3043,3089
0,1
3309,3307
2,47
3241,3190
0,1
3086,3038
3069,3048
0,1
2,5
2831,2779
2831,2827
0,5
1536,1513
0,0
0,13
3,0
3241,3253
5,25
0,0
0,2
5,1
0,0
12,31
1,1
3241,3318
5,18
743,634
6,18
3309,3310
3241,3298
3069,3059
0,1
0,0
3086,3176
5,5
2831,2806
3241,3222
219,505
0,1
0,3
2973,2941
3086,3065
8,0
3241,3230
1,4
3086,3063
3086,3079
0,0
6,10
54,18
1,0
69,1
0,5
0,0
1,0
1,0
3,16
194,163
0,5
0,2
2973,3007
3241,3217
0,0
11,7
3309,3341
2831,2967
2831,2825
3,17
11,11
0,1
2831,2752
0,1
3309,3313
0,1
2,0
1,8
0,0
3241,3286
0,0
3180,3131
9,32
11,4
1,0
0,1
0,0
3228,3204
3180,3166
1,0
3241,3224
6,9
0,8
0,14
0,0
1536,1499
0,0
0,0
2973,2953
111,90
3086,3048
3043,3160
3069,2997
37,48
1,26
0,0
45,8
2973,2993
3241,3275
3180,3186
2831,2831
29,6
3086,3069
3309,3320
3241,3195
0,0
0,1
3241,3238
20,8
3241,3255
3241,3275
0,0
3069,3040
3086,3080
3086,3140
74,37
111,87
10,0
39,26
3241,3275
5,23
0,1
0,0
1536,1567
3,0
3241,3234
0,5
0,2
3241,3229
3086,3057
1536,1563
3309,3304
0,1
0,0
3241,3246
1,7
0,1
3069,3071
3228,3151
5,7
0,43
0,0
1536,1553
1,2
0,0
135,47
3180,3182
0,0
3086,3072
47,35
3228,3199
0,0
0,5
1,14
3309,3299
219,541
3086,3052
111,396
7,6
0,0
3241,3223
2,67
2973,2976
3241,3235
3,8
0,2
0,0
3,0
1,17
0,0
3309,3343
0,0
2831,2825
0,3
6,2
0,2
321,321
911,23
98,202
27,4
3241,3235
0,0
1536,1577
0,1
17,17
0,1
3309,3322
743,418
0,4
3069,3049
0,0
194,110
3086,3070
24,3
1,4
3,0
3241,3227
502,518
3228,3177
3241,3187
0,8
0,0
3241,3093
650,590
0,8
321,311
217,176
0,0
502,520
3043,3061
0,9
0,0
1536,1505
2,0
3,4
39,17
3228,3190
1,0
0,0
0,1
0,2
3180,3193
111,108
0,0
0,3
6,8
0,0
2973,3002
0,0
0,0
0,1
3180,3207
0,4
106,7
2973,2985
3241,3192
3241,3245
2831,2850
0,0
0,0
3180,3128
1,2
70,45
2,33
502,514
1,44
0,0
0,1
1536,1559
1,23
2973,2943
0,0
3309,3296
0,0
0,0
0,0
2973,2992
30,2
0,0
0,0
3241,3225
2973,3016
111,751
0,9
3309,3329
0,3
1536,1542
0,5
0,26
0,0
75,49
0,0
1536,1527
0,1
106,49
2973,2956
14,13
3241,3226
0,8
0,1
0,0
3241,3226
2973,3014
2831,2770
4,0
3241,3257
45,11
0,0
108,7
19,2
0,0
3180,3165
3241,3229
6,19
3309,3292
3086,3036
18,0
0,2
3228,3256
18,7
3309,3246
1,37
0,1
2,5
3,48
3086,3067
4,3
1536,1530
0,6
3043,3045
70,86
2,3
3180,3133
321,311
0,2
3228,3228
1536,1556
0,22
3241,3219
0,0
3,18
46,38
1,3
1,20
106,137
1536,1559
2831,2854
11,3
0,0
0,0
4,0
3241,3300
0,0
0,2
3228,3221
3086,3149
19,21
2831,2835
3180,3159
39,14
3086,3081
3086,3067
3086,3025
743,712
3241,3276
21,0
3,25
0,0
1536,1454
1,0
2973,2977
1,0
217,141
3069,3049
0,3
0,0
3086,3041
0,0
2970,2982
0,0
0,0
3241,3219
0,0
0,0
2973,2958
24,1
0,2
0,0
3180,3010
2831,2743
2973,2992
4,3
3069,3042
0,2
0,1
217,246
743,516
15,44
2973,2984
3180,3207
0,3
0,1
20,35
1,0
3241,3225
2831,2840
0,0
1,1
3069,3073
127,45
1,0
2973,2986
3241,3225
0,0
1,2
2,10
2,6
1,0
0,0
0,4
1536,1569
3228,3254
3086,3069
0,1
2831,2775
0,0
1,16
0,2
3241,3292
0,0
0,1
2973,2978
2,5
0,0
9,10
111,183
0,0
3086,3100
2973,3067
1536,1524
0,5
2973,3028
0,0
2831,2798
0,0
321,365
3043,3047
0,5
0,1
0,0
3228,3223
0,2
20,5
24,2
3069,2994
52,15
3241,3206
3228,3208
0,0
0,1
3086,3067
3043,3077
0,0
0,0
0,2
0,1
3309,3316
3241,3157
3241,3208
3241,3192
3069,3063
64,48
0,0
0,0
3309,3235
0,3
8,0
0,0
0,8
3180,3148
1,3
3309,3281
0,557
0,0
1,149
1536,1482
0,0
0,0
3086,3050
3086,3072
0,6
0,0
0,0
1,1
743,508
3043,3086
0,0
7,1
3241,3250
4,5
3180,3190
1536,1556
3180,3163
3086,3208
0,5
3180,3188
0,34
3180,3171
0,0
2831,2823
4,39
0,6
3309,3355
3086,3065
18,0
0,0
1,28
3086,2998
3180,3123
3086,3067
3228,3224
57,39
0,2
0,7
0,2
2,0
3086,3107
0,1
1536,1597
3086,3080
0,2
3241,3169
111,108
3086,3062
3241,3277
135,67
2970,2984
0,4
3069,3045
0,0
2973,2997
3309,3332
2,6
20,7
0,0
2973,3004
0,0
3086,3059
0,0
2,0
3309,3293
2973,2962
99,37
3228,3220
0,0
3086,3085
39,88
0,1
3,39
0,0
1,9
49,37
3180,3139
2,0
0,0
11,6
73,27
0,2
3180,3150
3069,3076
3241,3274
1,1
3086,3049
3086,3117
0,0
8,8
0,0
1536,1530
3228,3239
0,0
3309,3324
0,0
3069,3061
0,0
1,70
3069,3057
502,519
0,0
743,612
0,1
1536,1545
0,0
1536,1553
3241,3228
4,31
118,27
3086,3066
2973,3011
2,7
3086,3073
15,0
1,6
3241,3250
0,0
1,0
2,1
2,11
3086,3089
0,0
3309,3336
0,0
3241,3296
2,41
13,8
3241,3263
3180,3165
0,8
2831,2744
0,0
1536,1537
3086,3077
10,19
72,42
1,0
0,2
9,4
1536,1533
3241,3290
20,5
4,5
0,0
0,2
3086,3104
0,0
3043,3043
3241,3222
3086,3111
3228,3150
0,11
3309,3368
0,2
7,5
2831,2829
1536,1538
3043,3076
27,16
2973,3014
3180,3175
0,0
0,0
3086,3059
0,5
194,98
2,11
3069,3022
3228,3281
0,1
0,0
0,14
2973,3021
3241,3240
0,1
1536,1534
0,3
321,270
39,28
0,6
0,0
3086,3066
3043,3064
0,0
3241,3264
3086,3134
0,0
5,3
3086,3059
0,0
3069,3040
3,2
0,3
3086,3088
0,4
0,4
1536,1534
0,11
1536,1673
1,12
3086,3106
0,0
0,1
0,6
2,55
2,2
147,112
3,36
0,0
0,0
2,7
0,0
0,1
1536,1578
3241,3307
3228,3286
1,5
3086,3064
2973,2997
3086,3062
1536,1585
0,9
3309,3346
0,3
0,2
9,26
0,1
0,6
3241,3191
3241,3213
0,0
0,1
27,8
8,4
73,70
4,0
260,132
743,540
2831,2807
0,9
4,10
0,4
0,0
0,5
4,8
2973,2974
0,3
1,18
0,12
1,0
0,0
0,1
84,78
6,109
3241,3214
0,90
3228,3222
91,30
0,1
3086,3066
3228,3232
0,3
0,0
0,8
0,0
502,520
321,254
3180,3187
0,0
3228,3284
0,1
3228,3221
17,27
3309,3306
3069,3130
0,0
3180,3158
0,1
3309,3300
3086,3099
3228,3170
0,0
32,11
3086,2988
743,650
3241,3261
0,0
1,13
0,0
2973,3005
33,23
0,0
0,4
1,11
5,0
743,621
3228,3215
1536,1553
0,7
4,16
10,17
1,2
0,0
0,0
31,16
0,0
0,0
0,1
0,0
49,44
3086,3069
4,2
6,10
0,3
743,647
1536,1663
4,7
3241,3229
0,0
149,62
0,0
1,19
2,18
1,2
74,92
0,3
147,141
3241,3254
2,0
1,0
1,2
3241,3245
1,0
3241,3228
3069,2997
0,5
0,0
0,7
2831,2869
2831,2808
0,0
0,1
1,1
2973,3003
321,383
0,0
7,8
3043,3027
2,8
1,6
0,0
3241,3247
1,0
3180,3218
3086,3124
0,0
0,9
3241,3265
14,21
3241,3202
2,16
2,0
3069,3074
3309,3307
6,18
3086,3028
3,9
0,4
1,12
7,1
0,0
0,0
1536,1553
0,0
3086,3065
2973,2980
0,0
0,1
0,0
3241,3247
3180,3175
0,3
0,2
52,4
3309,3303
1,8
3180,3187
0,5
1536,1549
3228,3170
3309,3346
0,1
3241,3209
3241,3239
20,23
0,0
2973,2984
23,50
0,0
3309,3314
2973,2934
0,0
1536,1535
7,24
1,10
2973,2928
0,0
3086,3081
1536,1555
321,346
0,3
3241,3242
0,0
2973,3047
3069,3036
2973,3004
3241,3227
0,0
0,0
3043,3120
24,0
2,2
32,23
19,19
217,248
2,25
0,6
2,32
5,26
3241,3255
3086,3086
0,0
0,0
3086,3100
32,33
743,661
3309,3411
0,3
0,0
3086,2988
3228,3223
70,95
743,565
0,4
3241,3292
0,6
3309,3263
0,0
3309,3246
3180,3109
0,0
0,0
743,641
0,22
0,1
0,0
3228,3209
219,572
0,0
2,12
0,16
3086,3005
3241,3230
3228,3197
3043,3057
3228,3206
0,170
8,15
219,641
1,3
0,1
0,0
10,3
0,6
0,0
2,2
0,0
3241,3264
3180,3349
0,0
0,5
6,7
57,44
0,0
3241,3224
73,92
0,1
29,69
0,0
3086,3075
0,0
1536,1537
3086,3015
1536,1579
2831,2840
3086,3117
3241,3305
743,724
1,0
0,0
0,30
0,0
1,4
0,1
125,71
217,213
6,14
0,0
3069,3047
1,1
0,2
3086,3136
3086,3103
3043,3058
0,0
3309,3297
1,0
1536,1537
0,0
3241,3254
0,1
0,8
0,0
0,0
0,0
3086,3060
3309,3250
1536,1535
0,0
1,9
0,0
9,37
0,0
0,10
3241,3230
0,1
3,12
3241,3196
0,0
0,1
0,0
219,436
2,13
0,1
3228,3218
2973,2997
0,0
0,6
28,11
3241,3181
0,0
0,0
3180,3153
3086,3076
66,48
0,0
3309,3497
0,16
3086,3067
228,224
2973,2990
0,0
70,0
3086,3039
3086,3097
0,5
9,7
3228,3238
219,502
2973,3009
3241,3251
3086,3065
3228,3220
3069,3074
125,47
0,0
3,1
0,10
3043,3046
3086,3071
0,9
743,627
3180,3155
0,1
0,0
0,2
1536,1522
0,4
3241,3264
15,1
1,5
502,519
0,1
0,3
17,48
0,33
2973,2974
1536,1551
1536,1552
3228,3229
0,1
31,20
6,8
0,0
1536,1555
3241,3181
3069,3039
3241,3243
0,0
3241,3269
66,19
217,258
0,1
0,13
3,6
0,0
3241,3245
3241,3175
11,3
3180,3140
3241,3261
0,3
0,15
1536,1574
0,0
3309,3347
48,64
3241,3196
3086,3037
1,1
106,96
1536,1535
10,3
0,2
0,1
2,4
1,2
20,22
0,0
3086,3075
0,0
0,0
1536,1555
0,3
3086,3098
0,2
3086,3108
3241,3237
0,0
0,0
4,1
3241,3208
0,0
13,1
1,0
0,5
502,495
1,30
3241,3254
743,505
3228,3218
0,1
3241,3234
502,536
0,0
1536,1530
1,24
2973,2943
1,0
0,0
3241,3294
3086,3075
0,1
0,0
3069,2986
0,4
2,0
3180,3151
2831,2807
3228,3233
49,44
3180,3147
743,618
3069,2978
3086,3002
9,14
2,7
0,0
13,13
3180,3137
0,3
0,0
0,0
3241,3206
0,0
0,3
3309,3276
0,1
3086,3092
0,3
0,0
12,9
3241,3255
3309,3291
9,0
0,4
3086,3138
20,4
2973,2946
1,34
3180,3163
6,9
0,0
0,0
0,0
2,61
3086,3065
129,45
5,11
1536,1538
2,0
3180,3167
0,0
1,0
3086,3066
121,72
219,723
0,1
3086,2989
3069,3036
1,9
3228,3204
0,0
1,1
0,3
1,31
0,5
0,1
3086,3064
3228,3226
0,10
0,0
2,27
0,18
0,0
50,35
0,1
12,8
0,0
61,57
3309,3304
11,5
2,0
0,1
91,6
2831,2822
328,337
0,0
3228,3251
3241,3420
3180,3175
20,14
497,11
106,107
3180,3179
2,21
3241,3237
0,0
3086,3070
3043,3216
2,11
0,1
217,133
45,10
3241,3253
3241,3272
1,0
1536,1562
34,8
3309,3323
66,85
3180,3169
0,0
95,23
3228,3243
3241,3205
0,0
217,264
3069,2937
3241,3226
1,0
3228,3226
3180,3207
39,58
502,539
3241,3218
0,2
0,1
0,0
3309,3295
3241,3249
2973,2985
0,0
10,0
3086,3046
3180,3160
0,0
3241,3208
0,1
4,1
3309,3281
3086,3064
502,512
111,719
0,1
0,0
23,55
20,0
3241,3258
0,0
1,3
743,508
0,0
0,0
743,663
3241,3276
14,22
321,366
18,7
3180,3186
3086,3067
6,23
3241,3333
3228,3235
0,0
5,26
743,639
0,1
24,18
3086,3084
3069,3102
2831,2835
70,87
3086,3102
3241,3269
502,519
0,0
3086,3064
3241,3248
112,151
0,0
1,1
0,1
0,4
743,717
13,11
2973,2976
0,5
743,777
3086,3033
3241,3238
3241,3196
2,8
0,13
39,34
3086,3027
3180,3190
3043,3046
0,7
1,0
4,9
3241,3201
1,5
0,118
0,0
1536,1535
3241,3249
0,11
0,0
0,0
1536,1546
2973,2918
2,13
1536,1561
3086,3093
0,2
3086,3028
0,2
4,36
57,44
0,0
502,519
3241,3275
2,7
1,15
1536,1554
0,0
743,645
0,1
3069,3044
321,254
3309,3289
3086,3066
3241,3247
0,3
2,2
3065,3103
0,0
3069,3033
9,15
0,0
0,0
3241,3265
94,105
2,0
1536,1553
2831,2815
135,119
0,0
0,0
3043,3331
1,0
1536,1554
7,17
78,73
17,4
1536,1530
2,31
2831,2825
3180,3189
1,0
0,2
3241,3226
2,3
0,0
0,6
3241,3187
11,3
3241,3236
0,0
0,0
0,2
0,0
3086,3042
3069,3031
32,25
0,7
147,130
5,6
3069,3034
0,0
3241,3259
2973,3008
2973,2961
5,0
12,0
162,105
1,0
3069,3007
3228,3254
1,4
0,0
2831,2877
1,1
3086,3067
0,7
3228,3210
0,3
3241,3282
3228,3220
4,27
111,559
0,0
45,33
1,2
2,25
3,14
0,0
3241,3193
0,0
118,83
1,15
0,4
0,1
3086,3137
0,0
18,13
1,0
3241,3215
2,19
75,87
1,0
3241,3245
1,3
0,1
115,83
0,1
3086,3077
3086,3088
0,1
3086,3059
3180,3139
7,0
70,94
25,21
0,4
0,0
219,545
2831,2852
0,8
3043,3141
3241,3247
2973,2964
3086,3061
3,10
1,2
0,2
19,22
49,51
1,1
28,14
2831,2761
27,10
4,2
1,0
3043,3050
0,4
1,8
219,564
0,3
1536,1534
0,1
4,13
0,8
321,323
1,4
57,50
3241,3275
0,9
1,0
0,0
0,0
3241,3214
3069,3046
1536,1553
0,0
2,1
3086,3092
0,0
0,0
8,16
2,0
8,4
0,4
0,1
3241,3245
61,26
0,0
2,0
0,0
3069,3029
1,1
321,367
3086,3040
3228,3236
0,0
3,6
0,0
0,3
0,0
2831,2834
502,497
15,3
17,15
0,0
3,11
1,0
7,31
3086,3054
0,12
1,4
0,0
0,4
0,0
2831,2849
0,1
3086,3066
3241,3196
0,0
3309,3319
3,5
2,23
6,8
1,3
0,0
3086,3080
2,0
0,10
1,0
2973,2983
2973,2998
5,0
6,33
0,10
17,26
0,2
0,0
3241,3196
0,0
0,4
0,0
37,7
3180,3183
1,10
0,0
3086,3024
3086,3072
2831,2842
3086,3073
2973,2957
3309,3320
3309,3308
0,4
2831,2718
0,0
5,7
1,6
0,0
1536,1554
3,1
1,1
3228,3207
3043,3102
0,5
1536,1555
0,1
34,23
3228,3208
25,15
3086,3149
1536,1523
2831,2810
2,2
3086,3090
0,0
1,1
1536,1573
0,7
10,8
2973,2959
3043,3054
219,521
0,3
743,615
0,2
3180,3194
3241,3216
3,1
3069,2957
0,0
0,0
0,0
3180,3207
3241,3300
8,5
3,0
0,0
0,0
3,19
1,4
120,3
0,2
0,0
15,1
2973,2983
3241,3225
743,745
3241,3234
743,541
0,0
6,4
1,0
194,185
0,0
0,0
3241,3284
11,75
0,0
0,0
14,5
3309,3290
0,1
50,21
2,0
2831,2863
14,9
0,1
1536,1555
2973,2993
0,1
0,0
0,1
743,524
219,613
0,4
0,3
0,0
3241,3231
2,22
1536,1533
3180,3180
1,1
0,0
18,59
3228,3215
3309,3360
3241,3272
0,0
1,1
112,179
0,1
3180,3145
6,10
111,108
3086,3099
0,14
2,12
1,1
0,0
3309,3295
0,2
3043,3024
0,0
1,0
0,0
2,117
49,38
0,6
3180,3168
22,15
3069,3077
3086,3112
0,0
0,6
0,1
3241,3239
743,467
3241,3231
0,0
0,0
743,657
0,1
0,0
2,2
3069,3054
1536,1549
3241,3208
3069,3141
3241,3334
0,0
2,0
0,0
3228,3242
11,7
0,0
3241,3226
39,16
106,109
3086,3072
57,37
0,0
3241,3234
2973,3030
0,0
3180,3164
0,0
2831,2795
3086,3063
9,63
0,1
502,505
1,21
0,3
1,13
3241,3243
560,273
1536,1517
0,0
3228,3214
4,4
0,2
0,0
2,21
0,0
3241,3236
3069,3026
3069,3019
0,2
2,0
135,128
0,0
53,72
2,0
0,2
24,12
3228,3254
0,0
1,11
0,0
3,1
3180,3151
0,4
1,5
219,43
743,645
1536,1497
0,0
0,1
0,3
0,2
24,2
0,0
3241,3223
0,0
0,2
91,29
74,16
0,2
0,0
2831,2822
6,4
3086,3087
0,1
3241,3217
0,0
0,0
0,1
3241,3176
743,685
3241,3258
5,1
32,10
0,0
0,1
0,0
1536,1525
0,0
3043,3124
3241,3252
0,6
0,1
1,2
19,4
3086,3119
3043,3115
0,0
2,13
3241,3214
3043,3101
3,1
2,3
743,429
0,0
3043,3020
2973,2935
743,632
3309,3319
321,195
37,42
0,0
3086,3069
3181,2756
19,3
74,19
3309,3260
0,6
149,70
1,0
2,11
1536,1558
63,6
2831,2821
2,6
743,580
13,10
2,1
0,1
0,0
2,13
3241,3273
3086,3010
64,22
3309,3306
0,0
0,0
3086,3082
3086,3071
0,0
3241,2983
72,67
8,27
5,397
0,0
3086,3055
0,6
2,8
0,6
32,37
5,0
53,72
3309,3310
3086,3050
6,62
0,0
0,3
2973,2966
0,1
0,1
0,53
2973,2999
1,1
2831,2794
0,1
2,8
0,1
3241,3190
0,7
3241,3228
0,0
3086,3093
0,3
0,6
11,6
4,1
0,0
3309,3260
0,0
3086,3057
1536,1539
3086,3054
0,1
3241,3168
3086,3061
228,201
3086,3013
0,0
0,1
743,430
0,0
3086,3038
0,0
0,2
219,489
0,0
4,4
0,5
3086,3071
2,3
3086,3111
11,36
0,0
1,0
3241,3219
321,310
0,5
0,1
4,6
217,152
2,0
1,0
0,0
0,1
3180,3177
2831,2893
2831,2839
0,3
17,44
3241,3234
2973,3003
0,0
3086,3062
3241,3236
78,66
3309,3345
0,0
2973,3002
2973,2969
3086,3052
0,0
3241,3243
3241,3215
1536,1537
2,48
2973,2963
3241,3222
0,3
0,1
3086,3093
1,0
3241,3170
3086,3070
3241,3239
28,11
3309,3302
0,0
3086,3094
5,6
1536,1534
0,2
0,0
3086,2993
0,3
3241,3245
0,0
0,0
3309,3269
3241,3224
3086,3091
0,0
49,24
0,4
60,18
4,3
6,2
2973,2986
111,489
0,0
0,0
3086,3048
2831,2782
3228,3230
3241,3275
0,7
3043,3174
3309,3277
8,16
3180,3166
1,57
3241,3211
1,3
3241,3218
0,0
3241,3226
153,124
2973,2988
3180,3120
3228,3219
0,0
66,21
3086,3046
0,0
4,26
2,5
3309,3301
0,9
0,2
46,0
1,8
0,0
3086,3071
0,2
0,4
25,2
3086,3080
0,1
3309,3300
743,522
0,0
3086,3100
3043,3141
3086,3012
2973,2972
0,1
743,589
0,7
3241,3277
3,4
3086,3157
0,0
0,0
1536,1498
0,0
13,3
0,2
6,0
3180,3174
15,18
1,5
0,3
3086,3020
3241,3283
0,0
0,0
3241,3257
0,0
1,0
0,0
6,3
25,0
1,0
0,2
2973,2983
1,5
743,757
3228,3198
22,19
3086,3038
3241,3271
0,0
1,0
0,1
3086,3103
5,2
18,0
3180,3172
321,264
0,0
3086,3099
0,0
321,265
1536,1556
2831,2785
0,0
0,0
1,1
743,389
3241,3211
94,27
3,5
0,1
0,1
743,575
3309,3362
1,0
0,0
1,4
3228,3271
1,16
2831,2822
0,7
20,57
5,39
0,2
0,0
0,1
3228,3289
3086,3122
9,2
0,15
3086,3098
45,3
0,0
4,1
2973,2996
3241,3231
0,0
3241,3306
32,89
1,0
3180,3166
0,0
0,0
1536,1547
0,11
0,3
3069,2985
0,3
15,61
0,3
9,0
0,1
3,15
3180,3166
2831,2792
0,0
0,0
10,12
3241,3298
743,303
3,17
0,12
1,31
3180,3164
0,0
0,1
6,7
83,73
0,0
3180,3091
3086,3104
3069,3049
3241,3233
3086,3090
3,4
3043,2940
217,161
0,0
3086,2962
3069,3098
135,139
111,131
0,9
18,8
129,23
3309,3304
0,0
1,2
3241,3210
0,0
1,3
0,2
50,11
0,1
0,0
0,3
0,1
156,66
0,1
3180,3169
743,573
3180,3165
1536,1512
743,609
3043,3079
3228,3214
502,518
0,2
0,6
1,21
3241,3241
75,64
0,9
3180,3173
3065,3051
743,404
6,24
0,5
3086,3086
3086,2976
2831,2799
0,0
0,5
0,2
1,4
0,0
1,19
11,5
0,7
3086,3084
0,1
0,0
0,5
3228,3254
25,1
0,1
3241,3382
0,1
3069,3017
6,33
3086,3091
3241,3232
0,4
0,0
0,0
321,370
0,2
3241,3257
0,1
1,0
162,62
17,17
0,0
0,0
2973,2992
1,4
3228,3105
39,29
3086,3029
0,2
0,0
0,0
2,6
743,607
0,0
0,0
2,7
502,517
3069,3009
0,0
19,12
0,0
2,0
0,5
27,1
3309,3287
7,25
1536,1530
5,2
3241,3271
0,1
0,0
3,2
3065,3054
1,37
2973,3017
1536,1581
3241,3217
0,2
0,0
743,676
0,0
3228,3217
502,550
3043,3003
2973,2949
0,1
3086,3006
321,355
1536,1552
3180,3189
3228,3242
3043,3110
45,25
0,0
135,158
2831,2822
91,54
3086,3242
9,4
0,6
3180,3180
3241,3283
0,0
0,10
0,0
0,0
0,0
91,53
3180,3213
3180,3112
0,1
10,2
3,15
2,15
0,0
3,0
3069,3087
3241,3242
1,0
2,5
3,4
0,0
0,1
0,0
1,15
3086,2978
3241,3236
1,0
125,40
0,3
3241,3250
3,90
3241,3229
0,0
3180,3138
0,0
0,0
0,1
321,294
0,7
3309,3298
3180,3178
12,6
15,13
3180,3118
0,2
3,0
2973,2965
3180,3163
0,0
3241,3285
3086,3031
0,1
34,36
0,2
27,2
1536,1534
77,53
1,2
2973,2982
219,618
1536,1587
2,21
0,0
22,1
18,21
0,9
3086,3076
3086,3066
219,507
217,233
0,0
3086,3023
0,0
1,0
2,21
3309,3311
3069,3056
0,9
2831,2810
3069,2983
0,0
0,0
0,0
502,519
502,519
0,1
3241,3221
1,6
2973,2969
0,2
3,42
1536,1566
0,0
0,13
111,108
0,2
0,0
3241,3302
0,4
0,0
0,0
42,0
743,602
111,90
0,0
3241,3258
3228,3193
0,0
0,0
3309,3302
4,13
0,2
3086,2996
11,9
11,19
135,111
2831,2838
2,21
743,500
3086,3097
3086,3095
0,1
3069,3066
0,14
3086,3083
4,1
3241,3320
3241,3234
3241,3237
17,48
3309,3331
0,3
3086,3075
0,0
1,0
2831,2804
70,68
0,7
3228,3239
111,595
3228,3242
0,0
3086,3053
0,4
3086,3089
0,0
0,1
0,0
1,4
0,0
1536,1536
0,6
1536,1548
0,1
0,4
0,4
2,16
3069,2996
0,1
1536,1738
3086,3043
3,0
0,1
1,3
3241,3277
57,22
37,45
3043,3034
3086,3083
502,517
0,0
3086,3043
3086,3071
0,5
1,0
0,2
743,519
3,112
0,4
3241,3223
20,4
502,517
0,5
27,23
3086,3089
0,3
0,0
1536,1556
3241,3319
2831,2801
0,0
19,21
743,676
3086,3000
0,3
121,97
0,1
27,6
2973,2958
0,5
325,243
0,0
1,5
1536,1507
3086,3023
1,24
15,14
3069,3200
3,0
0,0
0,0
3086,2956
1536,1556
1,2
0,0
3241,3264
3241,3236
2,8
3086,3277
0,0
0,1
15,11
0,1
0,0
0,0
1,39
0,0
0,0
3,0
0,0
0,1
3241,3122
3086,3039
0,0
3228,3243
0,17
2,15
1536,1530
2973,3052
73,66
42,11
1536,1531
0,0
18,16
0,2
3309,3378
3,10
3086,3038
0,6
0,0
217,210
0,0
23,22
1536,1530
3309,3327
49,3
0,0
0,5
3180,3096
0,0
0,5
0,2
0,0
3241,3237
1536,1608
2973,2977
0,0
2831,2785
0,6
2,101
3309,3268
3065,3039
0,3
3086,3059
0,1
3086,3106
2831,2814
743,563
3086,3093
0,0
3241,3230
0,0
0,0
7,22
3086,3030
0,1
125,68
0,2
24,3
3086,3074
0,4
2,5
0,2
0,12
0,5
0,0
502,521
3180,3165
1,3
0,38
219,549
1536,1531
5,2
0,2
0,0
0,5
99,97
3043,3223
4,29
0,0
0,3
0,0
0,3
0,0
2973,2989
3086,3075
0,3
3241,3203
3086,3009
45,22
2831,2822
3228,3266
0,1
3069,3008
3241,3246
3069,3082
0,0
20,15
0,0
0,6
0,0
0,0
3241,3235
1,13
64,26
0,0
0,13
1,28
1,1
3,3
1,0
1,2
1536,1538
0,1
3241,3211
0,4
2973,2905
0,1
0,1
2831,2829
0,0
1536,1554
0,2
3180,3154
3069,2995
3069,3010
0,0
0,1
0,0
222,10
2973,2996
1536,1550
321,372
2831,2782
743,485
0,4
1,22
0,3
0,1
1,0
3241,3247
3309,3308
0,0
3228,3241
0,0
0,1
10,14
3241,3247
8,0
0,0
11,3
3086,3070
3309,3315
1,14
3086,3064
3086,3105
3241,3237
0,6
3086,3103
0,1
3309,3295
3069,3114
0,3
0,2
3241,3314
0,0
39,16
0,0
3086,3081
0,0
0,0
99,0
0,16
1,8
3228,3247
29,7
44,10
14,6
3043,3080
3228,3193
3241,3217
0,2
3241,3245
2973,2989
3,10
0,11
0,0
0,1
0,0
1,25
2831,2823
2,0
1,0
0,0
6,7
3228,3172
3241,3224
0,0
0,0
0,2
0,1
3180,3175
126,46
0,2
2831,2760
1,3
0,0
3086,3071
3309,3325
0,22
0,0
1536,1556
3069,2987
3086,3164
94,43
3241,3249
4,0
0,10
1,2
0,1
15,13
0,0
3086,3070
0,5
0,6
0,0
2831,2766
3086,3075
3086,3067
743,625
0,2
0,0
3309,3293
0,5
3241,3262
0,0
3180,3146
83,65
3228,3223
0,0
0,13
53,41
1,11
3309,3335
0,1
3180,2990
0,0
0,0
1536,1549
3086,3064
3241,3179
15,41
3309,3308
2831,2857
0,0
3309,3322
1536,1579
1,14
1,1
3086,3067
7,4
2831,2788
0,1
0,0
743,654
3180,3165
1536,1535
0,0
0,0
0,0
1,0
3241,3234
0,0
0,0
3069,3047
0,1
33,6
2,0
9,22
1536,1554
3086,3091
1,7
321,332
0,0
15,0
3228,3255
2973,2962
0,0
48,2
1,75
2831,2867
3241,3302
3180,3155
0,0
87,76
1536,1558
0,0
0,0
11,2
3,19
0,2
1,1
3241,3188
1,4
0,2
91,97
3309,3266
1536,1555
2973,2982
6,13
0,0
2831,2817
743,411
0,1
743,723
0,9
1,101
314,20
0,0
4,5
1536,1553
1,0
0,0
3086,3041
17,44
0,5
0,0
0,2
0,1
3,29
0,0
0,1
0,0
0,0
0,2
3086,3045
3069,3026
0,0
3241,3260
3241,3249
3241,3224
0,0
3069,3027
3086,3065
3241,3251
1,17
0,4
20,28
1,5
3086,3076
4,4
3086,3048
1,0
3241,3259
0,0
0,0
3180,3162
121,134
3,5
0,1
0,1
2973,2969
1,15
0,0
0,8
2,16
3241,3272
3069,2988
3241,3267
0,0
0,0
0,1
0,2
48,89
3086,3044
0,0
0,0
4,11
0,1
3228,3219
0,0
12,19
37,51
0,2
0,2
3241,3258
2973,2997
3086,3032
1,0
0,0
0,1
0,2
0,0
3180,3210
0,0
0,0
0,11
3069,3035
0,0
34,23
0,6
6,14
743,523
1,0
25,7
2831,2868
0,2
1,1
3241,3091
1536,1482
3086,2990
2,0
2831,2772
5,13
0,0
204,44
0,0
2,3
0,8
0,8
0,0
1,2
0,0
0,10
1536,1550
7,4
141,31
0,0
0,0
3043,2994
0,1
1,13
0,5
3241,3235
3241,3228
3043,3010
3180,3185
2831,2821
15,10
125,74
37,42
3180,3183
0,0
0,0
3309,3264
1,10
3241,3255
3086,3073
0,0
0,3
1536,1550
3228,3168
743,598
3180,3217
3241,3239
0,0
0,6
22,25
3180,3176
0,6
153,64
0,1
0,3
1,1
0,0
0,1
3241,3288
743,766
0,0
1,0
0,5
0,0
0,0
64,21
3228,3185
0,33
0,0
1536,1538
2973,2998
57,42
0,5
3241,3213
0,0
0,0
135,143
111,100
0,24
3180,3183
2831,2824
0,1
3069,3044
0,0
0,0
3241,3238
3228,3188
94,80
0,0
19,15
1536,1536
3,19
1536,1552
0,3
0,0
1536,1554
0,1
49,7
27,16
1536,1552
11,7
2,1
0,3
2973,2973
26,9
3180,3112
502,520
2831,2756
0,3
2,21
14,13
0,0
0,0
3,0
3241,3214
4,8
33,24
3241,3353
32,74
57,59
3086,3062
10,6
72,30
91,86
1536,1519
3228,3223
3086,3132
0,0
3241,3387
27,39
0,3
1,2
3180,3191
2831,2873
6,19
3241,3228
3086,3034
3180,3259
3043,3047
0,1
0,0
0,5
3069,3035
321,329
3086,3074
1536,1515
0,26
3241,3228
3309,3283
3241,3217
0,2
2,29
3069,3003
3241,3225
1,0
3180,3159
321,368
3086,3058
1,43
0,1
194,167
3086,3049
27,21
0,0
3241,3241
0,0
2973,2949
15,62
0,0
3241,3232
0,3
9,0
3086,3041
1536,1539
3241,3309
0,3
3309,3301
0,0
2,12
3241,3273
2,2
3309,3271
1,3
9,0
0,0
0,0
27,43
29,0
0,2
0,18
0,0
3241,3239
1,1
219,406
2973,3010
3228,3193
0,0
0,0
0,0
3309,3316
3180,3174
3086,3093
3241,3233
0,7
217,232
0,4
2,3
0,0
5,16
4,0
743,611
743,649
153,74
0,2
743,567
321,329
1536,1578
0,3
0,0
3309,3289
2973,2997
3086,3069
1,0
0,0
3309,3275
2973,2991
118,44
3241,3269
293,210
0,0
0,0
1,4
2831,2864
7,5
3241,3273
228,227
13,11
0,1
0,4
217,89
3241,3286
0,0
2831,2823
0,10
3241,3238
0,0
2831,2815
0,0
3241,3140
0,0
0,3
0,0
0,0
3241,3248
865,8
3086,3077
3309,3311
4,21
2831,2824
3086,3061
3228,3120
3309,3351
3228,3212
3,0
1536,1553
502,520
0,3
0,4
1,0
95,21
9,8
2973,2984
0,1
0,0
0,1
0,0
4,1
3241,3156
0,0
0,3
0,0
3043,3271
2,6
3,5
3241,3246
0,1
94,71
1,25
0,0
2,12
3309,3465
3241,3228
3086,3275
3180,3144
219,627
3043,3034
3241,3125
0,0
743,542
12,4
0,0
3086,3024
3241,3252
3086,3080
0,0
0,0
1,92
0,4
0,0
0,1
3086,2998
16,6
3,7
0,0
3241,3221
1,4
743,558
3241,3274
217,161
74,64
1,0
3309,3383
502,519
0,0
2831,2843
1,11
0,0
22,2
0,0
1,34
2,15
0,0
0,0
3241,3263
0,0
1,12
219,559
743,454
0,0
0,0
0,1
3180,3188
0,9
1,0
5,8
3241,3242
3069,3035
3180,3173
321,302
0,0
6,15
2,29
3086,3056
0,0
0,1
3241,3250
0,0
0,0
0,0
0,0
61,34
0,0
0,0
3241,3237
0,0
0,4
3086,3047
3241,3252
0,7
0,1
0,1
0,0
0,1
502,503
3228,3104
0,2
2,1
0,0
3228,3259
0,0
3086,2996
1,15
6,1
19,9
0,0
0,4
1,9
8,15
0,1
743,354
0,0
2,8
0,0
2973,2966
0,0
4,0
16,15
1,4
3228,3240
3069,3037
321,419
1536,1556
3086,3059
1,0
1,0
3086,3123
3069,3070
0,5
7,87
2,17
0,0
3069,3033
0,2
25,5
3069,2995
0,4
3241,3198
0,1
3043,3121
0,0
3086,3076
13,9
3086,3070
0,0
743,581
0,5
2973,2884
2973,3058
106,226
1,0
1536,1532
115,100
3228,3260
0,1
0,0
0,2
2973,2982
0,2
1,16
3180,3162
0,0
743,499
0,0
3309,3300
3086,3086
3086,3068
4,9
0,8
0,8
1,5
157,82
2973,2136
3069,3031
1,10
3309,3453
2,20
37,37
0,5
0,0
1,1
0,3
2973,2996
3241,3225
0,1
3228,3183
2,0
0,2
1,0
2831,2845
0,2
25,16
3043,3050
14,0
2831,2744
0,11
0,0
83,37
1536,1555
0,1
109,76
3241,3244
3228,3258
3241,3226
2973,2972
0,1
153,129
1536,1647
7,7
3180,3141
2973,2955
69,0
3,48
2973,2988
5,19
0,3
0,5
0,0
0,2
0,0
3,9
3086,3070
1,1
2,1
502,518
1536,1534
2831,2828
1,2
0,14
0,1
1536,1540
2973,2965
15,5
27,8
0,3
1,55
0,2
0,0
2831,2822
3309,3286
0,0
0,4
2973,2980
135,14
22,14
0,1
3086,3131
3069,3036
0,1
3069,3012
0,0
0,3
17,15
0,0
2973,3011
3,12
219,653
57,20
650,552
0,0
3241,3200
743,569
2,6
0,4
3086,3051
0,3
3,41
0,6
2973,3027
0,0
57,40
3241,3246
0,2
1,0
0,1
3228,3215
0,0
3309,3324
78,69
0,0
3241,3251
0,0
2831,2849
1,0
1536,1541
3069,3128
1,0
3086,3077
0,0
1,0
3086,3090
0,2
2973,2970
2973,3004
0,1
5,4
1,0
3180,3177
0,0
3241,3275
3086,3024
0,0
3086,3077
0,0
15,11
2973,2999
3241,3261
0,2
0,0
3043,3032
0,1
1,12
3180,3083
0,0
1536,1527
3228,3201
0,8
3086,3072
0,0
1536,1549
3180,3189
7,5
2831,2905
3228,3226
8,0
1,4
0,0
1536,1586
3309,3336
3086,3111
1,9
3228,3200
2,0
0,0
3180,3167
3086,3050
0,3
0,0
3309,3314
219,680
5,4
0,0
0,2
743,666
3228,3242
0,0
1,0
0,6
3086,3098
0,0
0,0
3241,3237
1536,1618
1,10
8,11
217,259
2831,2819
0,0
743,483
3086,3121
3241,3277
135,115
650,524
26,7
2831,2751
3086,3043
42,12
20,45
1,0
3086,3023
6,2
0,0
121,58
1,7
3,1
1,1
1536,1553
7,10
0,5
3086,3059
3228,3238
1,4
0,0
0,0
3069,2726
3180,3126
0,0
1,1
743,594
0,1
3086,3083
1,36
39,15
1,2
18,8
0,0
5,0
3,15
0,0
0,1
3069,3037
2,0
26,12
18,1
0,0
3241,3223
3180,3107
1,2
0,15
13,9
2973,2979
0,0
0,0
0,2
1536,1553
3309,3304
1,0
0,2
3309,3297
2973,3133
0,8
502,499
3241,3229
0,0
20,32
1,19
0,3
34,15
0,5
0,0
3241,3277
3069,3128
0,0
0,0
0,49
0,2
4,7
24,18
0,0
6,3
0,0
0,9
3086,3078
3309,3285
3241,3247
111,668
1,16
3069,3061
3180,3210
2973,2967
0,4
650,655
0,0
3069,3078
1,10
3241,3255
94,25
502,498
1,15
0,0
502,459
3228,3155
2973,2923
0,1
0,11
106,138
42,4
3241,3237
99,96
1,0
106,93
4,36
3086,3078
11,0
3086,3042
3241,3223
3241,3244
1536,1546
135,39
3241,3327
1,8
163,25
0,0
0,0
3180,3194
0,0
3309,3348
3086,3061
0,2
0,0
0,0
0,0
3228,3233
1536,1557
2973,2959
1536,1554
4,15
3241,3200
3241,3196
668,2
0,14
0,4
57,44
1,10
0,4
1,4
0,3
0,0
25,0
1536,1533
1,1
1,6
3241,3265
0,1
0,0
0,0
321,397
3228,3233
0,6
3180,3193
0,1
0,1
743,378
3241,3237
3043,3043
3241,3279
1,4
6,1
2973,2976
0,2
3241,3212
0,0
3,0
502,489
3086,3059
743,576
0,1
3180,3216
1536,1554
111,179
3069,3054
0,0
2831,2850
3241,3263
0,0
3,20
72,56
4,8
3069,3003
3086,3143
3228,3196
0,0
49,7
0,0
3241,3234
33,13
743,644
11,101
3086,3074
0,4
2973,2996
83,46
0,4
0,0
0,0
7,6
3086,3054
0,0
2,6
0,9
10,1
3180,3166
37,11
321,250
2831,2804
3,0
0,6
0,0
0,1
3086,3141
3241,3220
1,0
0,0
0,1
1536,1538
0,7
219,588
2831,2870
86,27
1,0
0,0
0,0
0,0
1536,1552
3069,3044
3180,3204
0,0
597,21
39,2
0,0
3069,3033
2973,3022
0,0
3241,3217
0,4
3241,3359
3241,3245
8,13
3180,3166
3241,3231
0,1
3228,3185
0,0
0,0
0,4
3065,3104
0,0
217,320
3086,3020
2831,2836
3043,3064
2973,2996
0,0
0,0
0,11
0,171
3086,3183
3241,3216
33,17
3086,3092
0,2
3241,3270
0,0
502,476
3228,3187
0,0
3086,3053
0,0
0,17
3241,3166
3309,3296
0,7
0,0
3228,3279
3228,3246
94,70
0,0
0,0
0,2
1536,1423
0,3
0,0
3241,3239
3086,3021
743,620
2,1
0,6
3043,3025
0,0
1536,1554
2973,2992
3086,3061
111,583
3241,3210
106,68
1536,1548
0,0
2973,2962
0,1
3180,3194
0,1
219,539
0,0
0,0
0,0
0,0
228,239
3228,3211
0,5
3309,3210
1,7
2,383
0,0
0,0
2831,2863
3086,3222
3069,3022
743,666
0,0
2831,2822
3086,3068
2831,2826
3086,3061
15,11
743,597
2973,2986
3086,3067
1,0
0,8
0,0
0,0
1,0
177,140
0,0
0,0
15,16
3241,3250
0,3
6,7
2831,2844
0,0
0,0
0,11
12,7
3086,3095
3086,3085
15,9
3086,3080
0,0
39,27
3241,3247
0,0
1536,1607
0,0
22,1
125,141
3086,3147
3069,2988
13,9
3086,2975
1,69
3180,3155
2973,2998
3241,3217
3241,3279
0,5
1,0
49,38
135,132
0,0
0,3
24,3
0,0
0,0
3,0
0,0
0,3
321,235
3241,3269
3086,3067
0,1
0,3
3241,3194
0,9
0,3
0,0
74,19
3241,3259
3180,3171
0,4
1,8
2973,2983
502,519
3086,3090
502,508
0,0
502,519
3043,3087
0,0
3086,3027
0,0
3086,3132
1,0
0,3
4,2
4,34
3241,3217
0,0
3309,3343
4,14
3043,2813
2831,2730
8,10
0,5
0,0
3228,3231
3086,3056
3086,3049
0,1
1,0
3043,3063
3241,3243
0,1
0,0
3180,3235
3069,3044
3180,3154
2973,3228
0,0
1,7
0,4
153,28
2,5
0,10
1,86
0,1
5,5
0,1
3228,3269
0,3
0,2
325,256
3086,3185
0,1
3086,3061
3309,3336
9,0
3069,3039
0,0
3043,3087
4,1
0,2
2973,2986
0,0
1536,1545
3309,3294
3086,3061
1536,1530
0,0
194,163
1,3
502,520
10,0
0,0
0,0
3086,3085
1536,1555
0,0
3,0
0,4
3069,2997
22,3
3241,3233
3086,3086
321,321
1,0
2831,2840
39,31
3086,3038
0,0
0,0
3086,3081
3241,3210
3228,3259
0,2
0,0
217,242
1536,1553
2973,2996
3241,3236
0,0
48,46
0,1
0,4
66,29
2970,3001
0,0
3241,3308
24,22
3086,3059
1536,1553
3069,3071
162,142
3228,3252
1,0
2,5
0,0
1,19
0,0
502,518
321,266
0,0
3241,3229
11,7
3241,3207
0,0
33,23
0,0
0,1
3228,3181
6,75
3,5
743,667
0,7
0,0
0,4
16,15
3,1
8,8
0,0
3043,2879
0,0
2,10
3180,3192
1536,1577
0,0
0,4
3309,3294
3069,3027
0,2
0,0
6,10
3,1
1536,1533
0,8
1,9
0,0
1,4
3228,3216
219,467
3309,3305
0,8
0,0
3086,3049
2973,2995
12,25
0,0
0,0
1536,1552
75,74
0,3
74,26
3180,3162
3228,3192
2831,2816
20,2
3241,3251
0,3
1,7
3241,3242
3180,3189
125,13
12,1
30,9
0,0
0,3
18,42
1,0
84,53
0,0
3086,3152
0,3
3086,3068
0,6
3086,3027
743,599
743,679
0,0
0,0
3086,3072
3086,3087
98,81
0,0
0,1
111,108
0,6
2,9
0,0
3241,3225
0,2
0,0
0,0
3086,3092
3241,3279
3069,3015
1,0
0,5
0,1
1,0
3086,3094
1536,1535
3180,3177
3,11
3069,3059
1,3
3309,3295
0,5
0,0
0,0
0,6
1,0
0,0
46,18
2,19
3086,3079
106,105
1,19
12,17
0,22
0,0
0,0
0,0
1,7
3309,3295
0,1
6,5
13,11
45,46
3180,3153
0,1
0,0
3241,3244
0,0
0,1
33,17
3309,3373
2973,2997
3228,3209
0,24
0,0
0,0
3086,3073
0,4
1,1
1,7
10,21
2,6
0,0
3180,3168
0,0
3228,3236
3069,3004
3180,3170
3086,3079
3180,3220
0,0
0,6
0,1
3069,2981
3,0
3,0
0,0
3180,3166
3241,3255
141,38
91,43
14,11
0,0
321,330
3241,3240
0,2
0,2
2,17
18,18
3228,3241
219,597
135,84
3086,3114
3086,3064
0,2
1536,1553
1,0
0,2
57,39
0,0
9,7
2,1
0,25
0,0
2831,2868
0,0
15,17
3086,3109
502,603
6,3
9,38
0,10
7,17
13,3
3241,3280
15,7
3228,3220
502,519
0,1
4,13
0,0
3241,3216
1,0
0,0
4,36
3086,3077
15,2
0,0
0,0
0,0
3086,3030
3086,3104
94,66
3043,3033
3086,3072
321,355
28,3
1,0
2831,2809
0,0
1,6
0,0
4,8
8,18
8,36
0,0
111,531
1536,1540
37,38
743,707
9,4
743,653
0,1
3069,3036
0,1
1536,1554
2831,2824
0,0
3180,3160
1,7
2973,2998
3241,3221
1,0
64,74
3069,3022
743,633
0,6
3228,3226
3241,3215
3228,3253
7,2
0,6
3228,3187
0,0
3180,3162
0,4
194,168
3086,3093
19,8
2,20
3069,3019
3086,3062
11,17
1,2
94,12
98,55
3241,3233
0,1
27,19
0,0
0,0
0,0
3069,3046
2831,2839
0,0
0,1
1536,1571
3309,3282
22,0
0,1
57,26
3086,3089
118,43
2,8
2831,2876
125,80
3241,3264
0,0
3309,3358
2831,2828
6,2
2,0
27,11
2,74
217,171
0,0
0,21
0,6
0,0
0,1
0,0
3086,3073
0,1
0,0
11,19
0,6
0,0
4,1
0,0
0,0
0,0
2973,2983
3241,3224
3069,3039
3241,3268
3,0
0,0
1536,1543
0,12
3241,3257
3069,3031
3228,3149
0,9
1536,1570
3241,3279
2831,2839
0,0
3228,3217
0,1
3069,2994
0,0
3086,3021
0,3
0,0
0,0
0,0
0,0
0,0
0,0
109,25
0,0
3241,2989
17,12
12,4
3086,3097
6,10
0,0
6,7
0,2
1536,1531
0,0
135,131
3241,3262
0,0
1,10
74,60
0,1
2973,2876
0,0
109,28
3180,3130
2831,2752
135,173
3241,3253
0,0
2,23
321,344
217,246
0,3
1,0
1,25
0,0
1,8
3228,3248
1,7
0,7
1,0
106,128
3241,3227
3,6
0,0
0,5
0,0
0,9
13,22
20,14
0,1
0,0
0,2
3241,3201
0,1
1,105
743,696
0,0
0,0
11,8
0,1
321,367
0,0
57,40
8,4
20,34
3241,3217
502,683
0,11
3086,3022
0,0
1,10
5,4
0,0
1,11
0,6
1,2
3228,3243
3180,3260
0,0
3069,3017
0,0
13,6
5,15
5,17
0,2
0,18
0,0
321,285
3241,3233
0,0
3086,3050
3241,3198
3086,3064
3069,3030
3180,3164
3241,3178
0,0
0,6
0,0
3069,3060
7,15
0,0
0,6
3086,3118
3043,3150
2831,2791
2,18
1536,1557
3228,3186
650,652
12,15
2973,3004
3086,3115
0,0
3,13
3086,3047
120,17
3,27
3043,3078
0,0
12,19
3086,3071
1536,1577
1536,1551
46,10
149,81
0,0
3086,2954
0,0
1,5
0,3
3086,3085
3086,3038
3180,3149
0,0
3241,3232
0,2
1,3
0,0
0,1
3241,3246
3,6
3241,3236
3180,3121
0,5
0,0
0,0
0,3
3086,3086
0,3
3180,3150
0,0
2831,2783
0,1
3069,3027
3241,3239
0,3
33,23
0,1
3228,3212
8,0
3309,3305
2831,2837
3241,3219
0,8
0,10
3086,3354
0,0
3309,3352
0,2
2,9
1,0
1536,1547
10,8
0,0
3241,3250
597,7
3180,3189
3069,3036
24,8
0,0
0,0
27,21
217,285
0,0
3,6
0,6
11,5
2973,2951
8,23
3,0
3241,3220
0,0
5,18
9,3
2831,2844
1536,1543
0,2
6,8
743,559
6,4
0,0
3309,3390
3180,3169
0,4
2,1
3043,2987
95,58
3086,3076
3086,3066
0,1
0,3
3241,3227
1,1
0,2
0,0
3069,3023
3069,3029
2973,2986
1,9
27,20
49,48
219,692
0,4
3069,2995
1536,1539
1536,1545
3,9
0,0
3086,3053
1,13
0,2
0,5
743,641
2831,2811
3086,3062
0,0
219,563
3241,3283
1,1
7,3
0,3
2973,2954
0,20
106,214
743,551
3180,3189
5,6
3241,3249
2831,2769
3086,3029
0,1
2973,2984
0,0
0,1
1,3
57,12
3086,3062
0,2
1536,1554
3086,3051
202,164
27,0
3086,3065
3180,3207
9,1
0,0
0,6
0,0
3180,3199
1,13
0,0
3309,3290
1536,1542
2973,2977
194,249
57,48
3086,3081
3241,3284
1,0
1,1
3180,3196
0,0
28,16
2,23
0,0
0,0
3228,3240
3086,3039
0,0
0,1
75,42
0,0
3241,3286
1536,1403
125,87
0,0
3180,3181
3180,3140
3241,3244
3,3
70,95
1,4
3,0
1536,1551
39,12
3086,3073
0,0
3241,3201
2973,3027
743,778
0,0
57,33
0,2
2,0
27,14
3241,3258
4,13
0,0
0,0
3228,3225
3241,3186
0,0
0,0
0,0
0,0
1536,1566
0,0
2831,2968
0,0
0,4
0,0
2831,2758
0,3
72,83
0,13
3086,3069
2973,2971
3228,3261
94,53
1,0
502,705
0,4
2,19
1536,1553
1,0
0,1
6,5
91,0
3086,3029
8,8
3309,3333
16,5
1,10
1536,1589
10,14
118,37
2,176
2,15
1536,1538
2,46
3309,3329
3069,3036
18,1
3241,3243
2,0
3,18
3309,3298
1,2
217,212
2,13
2831,2848
1,0
8,107
0,0
37,18
1,29
0,0
0,1
3241,3265
1,0
3086,3084
16,2
743,620
0,0
0,0
0,0
3086,3104
0,0
1536,1555
74,21
0,0
0,8
0,6
74,21
0,0
0,0
217,372
3069,3036
0,6
743,750
1,11
3086,3087
3241,3214
743,407
321,415
3086,2993
1,6
3241,3239
3069,2979
17,467
0,0
3241,3237
3,0
1,0
3086,3053
0,3
502,520
5,7
26,20
0,5
37,8
45,16
3228,3242
3309,3280
1,38
0,0
3241,3232
3241,3237
0,2
228,134
3,16
2831,2991
5,37
3086,3027
135,105
1,0
3043,3109
3228,3223
19,4
35,11
0,0
0,4
3241,3232
3043,3026
3241,3258
0,0
0,4
0,4
2973,2995
83,80
2831,2796
3241,3240
0,1
2831,2834
10,0
2,12
78,55
1536,1514
2831,2738
1536,1552
3180,3154
3241,3237
1,0
1,2
1,2
3180,3174
0,0
0,3
3086,3047
39,11
0,0
39,21
1536,1593
0,1
3228,3184
0,0
33,5
743,619
2973,2987
0,1
3228,3211
135,142
3180,3170
1,0
3228,3219
0,2
0,38
0,16
0,0
3069,3033
3241,3239
1,19
0,3
1,27
0,3
3086,2980
2831,2877
450,11
3086,3067
0,0
3069,3053
3086,3069
1536,1536
1,7
3086,3019
1,4
6,8
0,2
3241,3424
20,8
0,1
3180,3159
3069,3053
743,750
0,0
0,1
4,9
0,4
0,0
2,4
2,2
156,180
149,51
109,116
3241,3220
3241,3243
0,0
0,2
0,5
0,0
3069,3030
2831,2849
9,5
0,2
0,1
0,4
0,1
217,80
74,25
4,2
3086,3112
4,19
3086,3066
75,17
0,1
0,1
2,9
0,0
2973,2978
0,16
3228,3069
0,10
3309,3325
0,17
3241,3240
5,6
5,11
0,0
3180,3066
1,0
6,15
3086,3077
111,109
2973,2973
3241,3233
4,11
3241,3284
219,612
3069,3017
57,29
1536,1535
0,0
0,0
0,13
20,12
0,4
2973,2949
0,4
0,0
3086,3128
162,125
0,3
0,3
3241,3249
1536,1574
0,3
3069,2981
2831,2816
3180,3177
0,0
0,0
6,0
0,0
0,0
2831,2761
3241,3209
0,0
1,0
2831,2877
3,0
0,0
1536,1556
0,0
37,31
0,1
5,8
0,0
3180,3086
3069,3070
3241,3398
1536,1558
3086,3212
0,0
0,0
3180,3143
3086,3027
3086,3100
1,3
3,32
0,0
0,0
109,111
0,0
1,5
0,0
86,32
1536,1502
50,13
23,9
1536,1604
66,49
3241,3253
1,0
1536,1519
3086,3104
111,129
0,0
3241,3262
3241,3252
0,10
1536,1535
2973,2963
0,0
3086,3028
1536,1553
3241,3295
0,2
3069,3088
0,0
4,3
2,7
17,44
2,7
3228,3240
3241,3225
3069,3040
0,0
3,7
0,4
3241,3272
2,18
0,1
3241,3269
61,32
3241,3204
0,5
0,4
11,10
1,0
0,0
3241,3257
3228,3218
3086,3083
0,0
1,2
0,24
0,0
3228,3239
3241,3205
3,5
5,14
0,0
0,6
3309,3311
0,1
0,0
0,1
0,0
0,0
0,0
3,0
4,0
22,4
0,0
0,0
1536,1583
321,385
109,95
0,19
743,612
0,0
0,2
3180,3178
0,3
1,23
3,8
3086,3088
0,0
2831,2847
0,1
157,173
2831,2812
2,0
23,40
0,0
3086,3043
91,24
3241,3165
2831,2830
2,0
0,4
18,31
20,5
3086,3060
3086,3022
3228,3217
3309,3333
743,775
0,0
3309,3392
0,0
0,4
0,8
1,8
6,19
2,2
0,0
3241,3219
1,4
0,0
2,23
5,8
0,10
0,0
0,0
2831,2849
0,7
6,6
1,31
0,0
0,11
1,22
0,0
743,624
9,11
0,0
0,0
219,510
3180,3133
2831,2870
1,31
62,10
0,0
57,40
1,3
0,0
0,0
0,6
3241,3278
0,0
0,3
0,0
3241,3308
0,0
8,114
0,4
3086,3086
2831,2821
219,725
0,7
0,2
3,9
0,0
0,0
2973,2969
1,2
3180,3073
0,10
194,167
3241,3383
1,5
0,2
219,441
0,0
26,19
1,0
3069,3063
0,3
3180,3160
0,2
0,0
0,0
0,3
3228,3216
2973,2994
3180,3167
3086,3054
3069,3037
10,25
0,7
45,38
0,0
185,30
0,1
3228,3227
19,9
0,0
2973,3014
0,0
0,0
1,9
0,1
2973,3012
1,0
73,74
4,8
0,0
10,12
0,2
0,5
0,0
3309,3282
0,0
0,0
0,1
3309,3293
2,0
3309,3321
3180,3127
0,1
0,0
1536,1535
3086,3080
3180,3165
3241,3218
3180,3051
3228,3213
0,0
3241,3139
15,7
0,0
2831,2799
111,634
0,0
219,536
743,562
1536,1504
0,0
3309,3329
1,0
3309,3461
2831,2820
1,3
3086,3111
0,3
0,23
1,13
3069,3029
1,11
0,2
14,133
4,10
743,638
0,1
2831,2820
2831,2716
3309,3254
2973,2961
3086,3032
0,0
3241,3206
94,37
2973,2986
1,0
0,2
1536,1501
3043,3131
3228,3204
1,0
0,1
0,0
3086,3126
0,6
2831,2842
2831,2858
0,4
1,0
3069,3007
70,89
3180,3079
3241,3237
3,15
3086,3035
321,342
0,0
19,25
1,0
3086,2969
3228,3193
0,2
0,0
0,0
1,0
0,36
0,1
91,22
1,25
73,50
1536,1497
8,1
0,0
2831,2874
2831,2841
69,30
1,8
321,320
2,1
3086,3063
0,0
0,0
0,0
3228,3157
3086,3074
743,639
1,18
3086,3043
3180,3179
0,0
0,0
3241,3198
0,5
1,32
0,0
5,276
0,0
111,630
111,108
7,5
1,0
0,3
3180,3167
3241,3153
3228,3143
743,604
111,108
502,517
1,0
3228,3183
1,0
3086,3082
24,0
3241,3235
1536,1546
5,0
3241,3292
7,5
2831,2787
0,0
4,5
147,353
3309,3299
3086,3065
217,308
3241,3258
0,5
1536,1547
0,1
0,6
111,517
0,1
0,0
3,5
0,2
3241,3296
3086,3058
1536,1536
12,19
3,3
3180,3183
0,1
3309,3309
2,3
1536,1552
3086,3061
2831,2813
0,7
0,0
3241,3215
21,5
0,5
1536,1553
3086,3125
3086,3076
219,503
1,20
3086,3096
3086,3089
1,17
321,467
3241,3246
1536,1551
0,0
94,74
3241,3210
0,0
3228,3188
0,1
12,14
0,1
3043,3031
57,51
2831,2805
3228,3167
0,0
2973,3006
1,2
3241,3209
6,20
0,0
0,1
3086,3020
1,1
0,1
0,3
3228,3313
0,0
2,8
2831,2715
3180,3208
3241,3231
0,6
1,0
0,0
5,5
3086,3102
0,0
2831,2800
3086,3064
0,0
2,0
2973,2984
3086,3076
1,6
1536,1539
73,67
0,9
34,6
2,0
1,0
0,12
3086,3050
1,19
2973,3070
3309,3303
15,23
16,2
2831,2821
1,11
3069,3014
0,0
0,6
3069,3055
1,1
3086,3079
1,0
0,0
0,0
0,7
2973,3027
0,0
0,4
3086,3062
3309,3296
0,4
0,0
3086,3046
0,0
3228,3222
3309,3328
3,2
3086,3056
1536,1579
0,0
3086,3083
26,31
6,0
502,519
0,15
27,13
3180,3200
2831,2824
0,2
321,337
6,1
21,3
33,25
0,5
3086,3037
5,4
0,8
0,0
0,0
3180,3003
3180,3204
2,8
0,0
111,577
49,19
0,4
64,176
0,3
1,0
3241,3308
2973,2954
3241,3196
28,10
3228,3236
0,0
47,62
3086,3063
0,0
0,5
1536,1535
2831,2846
1,22
3241,3246
743,656
0,0
0,0
0,0
162,106
3180,3178
0,6
650,582
3069,3004
0,0
3241,3232
0,0
3086,3027
2,1
3241,3232
2,5
0,2
0,1
0,0
3241,3243
0,0
75,65
0,0
0,0
0,0
3086,3092
0,0
1,23
0,0
0,1
502,518
3086,3094
502,504
3043,3046
2831,2848
0,0
219,569
0,11
3086,3117
4,17
0,0
0,0
11,21
29,14
3241,3412
156,84
1,5
3069,3026
2973,3032
3086,3073
0,0
0,0
12,4
3241,3226
3228,3219
3228,3252
16,11
219,382
0,1
118,73
0,0
3,0
3086,3058
0,0
0,24
3086,3004
11,3
1536,1508
3086,3086
31,16
219,328
4,7
2973,2992
23,11
3086,3028
0,9
3309,3309
3086,3108
0,0
5,4
321,353
0,0
27,11
194,169
0,1
0,0
0,116
743,619
0,1
1,11
743,402
1,0
3086,3044
3086,3090
0,1
3086,3067
3180,3180
0,2
0,1
3086,3047
3241,3115
24,25
0,6
0,0
3,1
9,1
3086,3109
2973,3034
10,5
743,691
3086,3060
3241,3229
23,11
0,3
0,1
0,0
3043,3082
78,56
0,0
37,9
3086,3063
3241,3205
2831,2819
0,0
3,0
2973,3003
3228,3246
3069,3191
0,4
5,0
3241,3274
2,1
1536,1551
0,5
2973,2996
3309,3307
2,5
3069,2987
1,0
0,0
0,2
3086,3055
106,91
0,1
27,11
3241,3206
72,42
4,16
3086,3115
0,4
3086,3125
3228,3239
20,13
3180,3162
3086,3073
1536,1592
3241,3257
0,4
98,87
120,41
3043,3346
0,0
2973,2978
3086,3050
27,21
0,0
0,4
0,0
743,689
0,0
109,77
0,1
1,7
0,1
57,43
2,10
3069,3028
3309,3285
8,8
0,0
3,7
1,1
1536,1539
1,1
15,13
3180,3034
3309,3296
3241,3266
0,1
2973,2996
0,0
3086,3057
219,658
502,523
28,14
9,3
3043,3112
60,33
12,16
2973,2994
2,0
0,3
0,8
3241,3219
0,0
3241,3285
1,6
3043,3059
3241,3224
0,0
3309,3301
45,5
84,62
0,0
3180,3167
219,507
3241,3305
3086,3084
3241,3225
0,2
1,1
0,0
3241,3366
0,0
0,0
502,487
202,188
0,0
3228,3239
0,0
31,30
217,269
0,0
0,0
3086,3078
3,4
171,3
3228,3259
6,8
1536,1554
3180,3166
1536,1581
743,715
0,5
0,0
0,9
1536,1534
15,17
0,0
3241,3239
0,0
0,0
2973,2965
0,0
3180,3141
3180,3134
1,7
121,69
1,7
1536,1536
2831,2809
0,0
3241,3242
3069,3032
3309,3301
0,0
3228,3215
2,7
50,21
2,3
17,20
3,5
2831,2769
3241,3278
4,28
2973,2954
0,1
20,33
20,22
3180,3210
0,0
0,3
0,0
0,0
2831,3006
162,105
502,518
502,489
2831,2803
0,3
0,5
3086,3136
0,1
0,6
1,1
0,0
3241,3202
61,22
2831,2840
0,4
0,0
3241,3247
3241,3200
3241,3299
0,8
3309,3316
0,0
0,7
1,0
3086,3082
3241,3391
3,0
3086,3103
53,104
3086,3074
3228,3224
135,149
3069,2997
45,46
91,40
3241,3239
3241,3215
0,4
3086,3100
3043,3065
19,20
1,1
0,5
3309,3382
2973,3008
0,0
1,0
3086,3055
0,16
156,144
3086,3047
0,9
0,0
3309,3208
3086,3054
57,52
1536,1547
5,80
3069,3048
194,198
3309,3352
3086,3062
3086,3064
0,2
3228,3223
2973,2961
0,0
743,580
3043,3051
3241,3250
3241,3226
3086,3082
26,12
1536,1524
0,0
0,0
10,45
10,47
217,185
27,16
3241,3231
0,0
15,6
3228,3191
1,0
2831,2918
3241,3258
0,0
1536,1555
0,9
0,0
0,4
55,4
0,0
0,0
1536,1525
321,393
0,0
2,7
0,0
0,0
0,12
3309,3365
2,2
0,0
2831,2819
94,61
111,638
1536,1542
1,17
20,22
2831,2779
3,75
86,13
2973,2979
0,1
1,3
743,546
0,0
0,6
0,4
0,1
3241,3209
0,4
3086,3116
3309,3320
2831,2816
0,1
3069,3037
0,0
84,87
1,1
3,18
3,0
1,17
0,4
3241,3247
0,0
0,0
1536,1544
3241,3208
0,0
3086,3053
3086,3067
0,0
3309,3283
3241,3214
3241,3266
0,4
3086,3096
0,0
3086,3072
3,1
0,1
3086,3104
217,264
3,4
0,1
3086,3061
0,1
14,12
18,0
1,12
0,2
743,638
1,14
1,12
1,1
0,0
0,2
3309,3215
3309,3321
3241,3251
4,0
2973,2964
0,0
743,754
3241,3220
3086,3130
0,3
3241,3280
6,14
0,0
0,0
3180,3197
3309,3308
3228,3266
28,12
0,10
3309,3365
464,222
3086,3082
37,5
743,630
94,64
219,429
1,0
0,1
0,3
2,37
0,12
11,2
502,518
3086,3049
1536,1554
135,17
3241,3203
118,39
4,9
106,114
17,8
1536,1541
3086,3105
1,43
1536,1473
1,1
0,0
0,1
4,21
0,0
0,0
3065,3019
106,128
35,10
0,0
2,0
0,1
1536,1553
1536,1555
222,216
3241,3220
1536,1551
0,0
3086,3083
3228,3224
3241,3213
3086,3075
1536,1509
743,567
1,4
3086,3073
0,1
0,0
1,1
0,2
3086,3071
5,4
3043,3031
0,2
1,0
3180,3109
0,0
3086,3136
106,74
2970,2978
217,245
3069,3034
0,0
3180,3172
1,9
111,627
0,3
0,0
3180,3178
1536,1530
3241,3229
217,232
75,35
3180,3131
3309,3401
0,0
0,0
2831,2784
0,0
0,1
0,0
0,0
502,520
0,1
3069,3032
2973,2984
0,1
3241,3231
1536,1585
1536,1564
111,579
3241,3230
0,1
8,18
73,68
3086,3055
0,3
0,1
2,3
2831,2710
25,8
116,50
2,12
0,1
502,518
192,10
2,3
8,14
2831,2902
5,7
3180,3144
0,0
3086,3066
0,0
0,2
83,18
2973,2965
3241,3233
3086,3096
0,7
0,5
3,9
3241,3188
3228,3212
0,0
502,517
1536,1501
19,6
3241,3274
3241,3274
3086,3057
3,541
0,1
57,41
11,22
0,0
1,0
3,3
4,0
0,8
0,0
3086,3047
0,2
0,7
3241,3223
34,31
0,5
0,0
3180,3146
8,14
0,0
3086,2981
0,0
3069,3060
153,120
3241,3263
14,17
1,0
3043,3039
0,0
3086,3110
3180,3169
3086,3219
0,0
0,0
0,0
111,624
0,0
3086,3072
0,0
0,0
3043,3063
0,5
0,0
7,8
3228,3189
743,386
21,1
0,0
61,18
3043,3045
44,0
23,7
0,1
0,10
3086,3040
4,0
3069,3039
3086,3012
0,9
4,15
3228,3174
7,12
0,0
0,0
0,6
3180,3211
125,45
6,3
0,0
2831,2891
2973,3014
0,0
4,11
3069,3065
3241,3218
0,0
0,0
1536,1448
1536,1543
0,0
1,12
3,1
6,0
0,9
0,0
2831,2871
743,652
3086,3081
5,0
743,603
72,53
0,0
3241,3217
2831,2858
0,0
0,0
15,19
3228,3122
743,637
3228,3247
13,12
3241,3266
3069,3258
0,0
0,14
597,39
0,0
2831,2805
3086,3043
2831,2818
3241,3249
3180,3218
3309,3295
1,3
0,0
0,0
32,26
2831,2822
3180,3232
0,0
1536,1528
3309,3288
1,1
39,25
3086,3076
3086,3087
0,4
57,40
0,0
0,1
3241,3190
0,0
3241,3190
17,6
1,6
3086,3073
14,6
3086,3177
3086,3136
13,0
3180,3240
15,0
3086,3106
2973,3003
3086,3087
3086,3047
0,0
3069,2987
2,10
3069,3043
0,2
3,1
25,9
3228,3249
7,18
2831,2820
194,154
44,9
3309,3303
1,17
12,1
1,1
3,0
3241,3401
3180,3167
1,7
3086,2949
1,11
0,0
24,10
3241,3277
3180,3158
502,518
0,0
4,25
74,53
0,1
2831,2790
252,130
135,102
111,137
0,0
3043,3024
3241,3238
3086,3106
1,0
1,1
0,1
3241,3151
0,3
0,2
0,0
3086,3051
321,337
0,0
1,1
3086,3039
1,10
1,10
0,0
1,0
0,0
4,15
15,18
3228,3167
0,4
3241,3305
3241,3286
1536,1541
53,70
1536,1543
0,0
1536,1530
0,6
3086,3071
3086,3034
0,12
0,6
0,0
24,1
3086,3088
23,7
2973,2999
1,6
23,17
4,10
45,2
8,0
743,696
0,0
2,21
1,19
1536,1553
3,6
5,4
3086,3127
39,12
194,242
0,0
0,0
0,0
0,0
74,27
202,130
6,7
14,11
260,140
743,563
3241,3259
743,670
321,355
0,12
2,1
3241,3227
0,0
0,14
0,0
0,0
0,0
0,8
1,17
321,273
0,0
0,0
0,12
3086,3037
1,11
3241,3191
3241,3227
743,654
3086,3044
3043,3026
0,19
0,2
2831,2832
26,16
0,0
3180,3234
1536,1540
3043,3037
0,2
0,0
2831,2824
3309,3295
0,3
0,0
2831,2818
2,0
0,0
3241,3236
0,0
0,0
0,0
2,21
2831,2822
3069,3045
91,41
1,0
0,2
3086,3063
3086,3069
0,2
0,0
15,27
3069,3049
3228,3135
0,0
4,7
2,2
3086,3066
0,4
0,1
4,0
4,0
1,4
1536,1535
2,10
3086,3050
2973,2827
3241,3230
1,0
6,9
3241,3274
4,7
0,4
0,0
3228,3239
2,29
1,0
2973,2965
1536,1531
321,258
10,4
0,0
321,419
1,1
0,3
3086,3090
0,1
3241,3213
95,44
0,0
21,34
3228,3241
3180,3161
53,73
0,1
0,3
3309,3311
0,0
3309,3330
1536,1509
3069,3039
1,6
0,59
0,0
0,3
0,2
3069,3034
0,0
0,1
3228,3315
3241,3256
0,1
3086,3051
3241,3314
3309,3289
1,3
219,536
0,1
3086,3077
24,5
112,168
219,646
3309,3337
743,416
1,2
0,2
3309,3287
84,48
6,0
2,3
650,584
0,1
0,0
1536,1535
1,13
1,12
0,0
53,60
3,15
0,0
0,0
0,5
0,0
1,1
3086,3035
0,0
2831,2778
3309,3299
0,0
0,2
0,0
0,2
49,28
5,2
0,0
0,0
1536,1535
0,2
3086,3084
2973,2893
177,154
0,0
3069,2989
743,640
3,1
1,0
3086,3086
0,8
0,0
1,22
33,28
0,0
0,0
3241,3266
1,18
3241,3211
2973,2966
3086,3072
3241,3209
2831,2839
3309,3312
3241,3246
70,94
219,437
7,30
0,6
3069,3048
2831,2799
4,4
3180,3155
0,7
1,12
217,236
219,529
118,58
0,0
3241,3237
3086,3056
743,623
2,0
0,3
135,138
3086,3109
1,2
3180,3162
70,81
3309,3299
0,7
3086,3055
3180,3289
3086,3070
3180,3167
2973,3070
0,1
4,2
0,2
3241,3231
0,0
0,1
111,641
17,118
12,3
0,0
0,6
1,12
86,34
0,3
14,26
3241,3207
0,0
19,12
0,11
0,0
3309,3285
3228,3187
1,0
1,0
0,3
0,1
2831,2813
0,14
1,0
3241,3161
202,161
1,15
6,4
2,3
0,6
0,11
0,1
0,0
0,0
3309,3303
0,1
0,0
3,12
1,19
3,10
0,0
2831,2795
1,0
0,1
3241,3230
3086,3100
1,9
2973,2990
0,5
3086,3066
0,1
0,1
3241,3140
0,23
3086,3115
6,0
0,0
0,0
0,5
1536,1557
0,0
0,0
0,0
78,69
0,0
1,19
3043,3010
0,17
135,140
3086,3086
2831,2805
25,12
3,3
1,5
0,2
5,7
0,0
3309,3291
3069,3037
0,0
3241,3173
3086,3031
125,42
3241,3240
1536,1535
0,3
217,106
0,0
0,0
3241,3251
3086,3159
0,0
3043,3080
2831,2879
39,24
2973,2990
0,5
0,2
33,21
3228,3223
0,0
0,0
135,5
0,2
228,181
2973,2958
3241,3217
0,0
3241,3111
0,0
3043,3123
0,4
3309,3320
0,0
2,0
2831,2810
217,231
432,273
1536,1543
3086,2739
0,1
3228,3217
0,0
3180,3165
3086,3075
1,21
0,1
0,0
9,6
1,1
1,12
0,3
1536,1550
3241,3245
20,3
3086,3013
94,23
0,0
3180,3094
0,0
3069,3036
0,0
0,2
0,1
18,12
3180,3200
321,336
3228,3228
1,0
0,0
3086,3055
0,0
95,36
0,0
0,3
743,662
3043,3102
3069,3034
3241,3209
3180,3126
0,0
0,4
3180,3327
2,5
219,587
0,0
3309,3295
0,1
0,0
0,0
2973,3007
0,9
3069,3036
3228,3123
0,0
3241,3178
1536,1551
3241,3193
13,3
0,0
0,0
1536,1504
2973,3016
0,0
1,3
0,0
0,0
73,69
2973,2933
24,15
3086,3091
743,605
1,0
2973,2944
0,3
99,13
3,17
0,1
37,42
0,12
0,5
3069,3050
3086,2963
4,70
1,18
3309,3261
0,0
2,3
31,11
3241,3200
0,6
3309,3274
0,0
3241,3237
9,0
743,581
3241,3302
0,0
3069,3102
3086,3036
1,19
3309,3283
4,0
3241,3297
2831,2819
3309,3176
3069,3018
2973,3054
74,17
0,0
2,0
3043,3062
2831,2814
3086,3096
3086,3159
6,0
2,44
3086,3128
0,5
2,2
10,0
0,0
3180,3186
3309,3295
1,12
1,0
3241,3205
2,5
45,14
3241,3210
3043,3117
3069,3079
0,1
23,0
3180,2196
1536,1535
20,7
2973,2981
3180,3353
34,33
0,0
86,31
11,2
0,0
2970,2984
111,479
0,3
2831,2779
3309,3291
1,7
4,0
3241,3239
0,2
0,1
3180,3192
18,52
3086,3159
3309,3288
0,1
3069,2997
3228,3233
4,9
3241,3211
1,4
0,3
3241,3185
3241,3239
228,219
0,0
0,4
0,0
0,0
502,556
116,58
0,0
0,0
0,0
0,2
3228,3247
2,0
3241,3218
0,2
194,129
2831,2812
1536,1496
3309,3285
0,156
0,0
5,36
3309,3290
3086,3127
0,0
32,42
1,0
3241,3232
5,21
3,0
0,0
743,443
5,8
3228,3228
0,2
2,9
0,2
2973,2937
0,0
17,4
20,7
3086,3016
0,3
0,2
11,3
3069,3024
0,0
2,15
42,3
0,0
0,2
1,13
3069,3035
0,0
1536,1519
0,4
743,685
0,0
0,0
3086,3052
3,4
10,52
743,507
1,0
6,2
3309,3319
0,0
2831,2818
20,39
3069,3022
3069,3093
3309,3346
3228,3263
5,0
0,0
0,0
3086,3019
2831,2784
3241,3216
0,2
3309,3295
0,0
3228,3220
2,3
0,3
3309,3316
3086,3046
2831,2769
222,235
0,3
23,11
3241,3218
0,0
743,651
32,10
3180,3159
3043,3156
0,1
3228,3212
502,519
2973,2999
0,0
2973,2985
3228,3243
3241,3292
0,0
20,18
321,447
321,293
0,0
0,0
1,0
0,0
3241,3297
3069,3056
1,2
0,0
0,0
194,150
3069,3245
0,0
15,84
3069,3129
1,22
3069,3077
12,2
0,0
3086,3067
0,3
0,0
1,6
3228,3255
0,3
0,0
3086,3032
2831,2852
2973,2948
0,3
3086,3095
0,2
3228,3221
0,1
0,2
3180,3145
3228,3249
111,107
3086,3086
3228,3214
1536,1534
3309,3318
6,2
2,0
3069,3038
2,38
3069,2941
3228,3274
9,5
0,0
2831,2840
3241,3246
0,5
0,0
743,540
3180,3205
2973,2983
0,7
3241,3245
0,0
0,0
5,50
743,658
0,0
8,0
3086,3073
3241,3239
3241,3122
0,0
0,7
3241,3178
0,4
0,3
0,0
3309,3313
0,0
0,0
3180,3170
3086,3029
1,1
4,10
48,122
0,0
3069,3054
4,9
1536,1554
1,0
33,9
4,8
34,11
7,41
13,3
3309,3291
0,0
0,2
14,29
0,0
91,40
0,0
0,0
2831,2824
0,9
0,2
3,0
0,0
2973,2973
3241,3156
0,1
1,0
2973,2995
2,7
3309,3294
0,0
3,17
0,0
3228,3226
8,20
13,18
0,0
1,0
0,2
0,0
18,6
0,0
3043,3056
0,2
743,583
743,738
3069,3069
3309,3299
743,669
2,10
112,185
22,34
14,2
1,21
2,0
0,3
1536,1544
3180,3147
0,0
18,5
0,2
0,0
3,4
3069,2985
0,0
0,0
3069,3024
3180,3137
0,2
1,0
3086,3073
99,79
0,2
0,2
4,6
26,8
3069,2957
0,3
3043,3067
0,0
3086,3039
12,1
0,1
2,11
0,0
1,18
1,13
2831,2709
3241,3251
0,0
3241,3225
3228,3266
502,519
6,37
4,6
3,21
0,0
1536,1556
1536,1534
3228,3213
0,0
1,17
3180,3213
1,30
5,14
3,0
3086,3023
3086,3104
0,0
0,4
17,44
25,10
3241,3058
0,2
3086,3039
0,3
0,2
1536,1536
0,10
2,14
3069,3039
3086,3063
0,3
135,138
0,0
2973,2982
0,12
0,10
0,0
0,0
1,20
0,0
0,0
0,0
502,518
73,67
3241,3184
15,65
3,0
0,0
219,520
9,4
3,1
2,0
3241,3273
3309,3337
1,0
3228,3241
0,1
0,0
2831,2804
3069,2983
3086,3085
0,0
4,24
3228,3255
3241,3196
3241,3212
0,0
3086,3089
1,0
0,7
0,0
0,0
3241,3279
0,0
0,3
0,5
2831,2794
0,0
3241,3227
0,2
1,0
3228,3249
0,0
0,3
0,0
3241,3232
1,0
0,0
7,20
3086,3145
3309,3286
1,0
1,0
0,0
0,0
2973,2952
3086,3087
24,20
0,7
0,2
3309,3322
0,1
1,19
9,4
9,17
3309,3291
6,11
3086,3087
3086,2968
23,11
1,35
743,590
0,0
3043,3039
0,0
0,1
3241,3280
1536,1551
1536,1523
25,4
3241,3446
0,0
3086,3066
3180,3242
2973,2967
19,6
33,3
0,0
0,0
0,0
0,1
21,10
0,0
3086,3069
0,8
3241,3268
3,3
3069,3025
3241,3205
3241,3193
1,143
3086,3067
3086,3076
3241,3254
0,0
118,55
2,13
1,4
0,0
0,0
3309,3293
1536,1556
49,30
0,2
3086,3042
5,11
20,0
1,1
1536,1535
3069,3012
0,0
3086,3102
3086,3044
0,7
3309,3344
0,3
0,0
2,0
1536,1487
57,40
2,11
3069,3071
0,0
0,0
4,0
2,13
0,7
0,4
3309,3383
0,0
0,0
0,0
0,0
0,3
7,15
0,6
0,0
0,0
3241,3204
3241,3191
0,6
3241,3250
11,18
2,0
1,1
3228,3285
3228,3224
2973,2984
111,619
1,2
7,3
0,2
3086,3051
0,0
3228,3259
0,0
1536,1540
14,4
0,2
3309,3298
2831,2827
1,6
0,0
3241,3288
2,2
3309,3317
18,16
3086,3019
3086,3085
0,0
0,0
1,8
0,0
3069,3010
0,4
0,7
3086,3041
217,271
0,0
743,737
0,0
0,2
3086,3036
1,1
24,26
0,0
7,10
1,1
1,6
3309,3272
3069,3034
0,0
0,0
2,0
3309,3319
0,0
0,0
12,0
1,4
1,25
74,40
743,549
4,0
1,0
171,9
1,24
194,136
3241,3218
3086,3132
49,58
2970,3011
743,467
3180,3163
5,14
0,0
5,3
1,7
3241,3204
0,0
3086,3071
3241,3240
3241,3247
0,0
3086,2991
0,0
3241,3270
0,0
23,5
3241,3361
1,24
0,3
1536,1538
0,1
0,0
0,0
3086,3085
3309,3301
4,163
3241,3210
0,0
10,2
3086,3068
8,5
0,2
1,0
3241,3222
0,0
3241,3228
743,581
743,725
3086,3098
0,0
0,0
0,2
0,0
1536,1543
3241,3156
5,1
0,3
3241,3179
2973,2996
3,45
3086,3066
3309,3296
0,0
12,22
3086,3094
3180,3324
3241,3277
0,4
1536,1553
1536,1593
0,1
3,14
217,296
0,0
3180,3208
3180,3208
0,0
2,4
743,501
1536,1552
13,10
3,3
0,5
2973,2947
2831,2830
0,0
2831,2769
0,0
3228,3221
3228,3217
1,21
0,0
1536,1546
4,1
3,12
8,13
68,19
0,2
33,4
3241,3199
0,0
3228,3205
0,0
1,11
3180,3172
0,0
0,1
3069,2978
0,4
0,0
3309,3371
1,14
87,78
3,0
0,0
39,32
0,1
0,5
0,0
0,6
2,11
1536,1536
0,0
1536,1579
149,76
3228,3266
116,73
0,0
0,0
3309,3335
1,0
0,1
6,3
3,3
1,1
0,0
321,272
0,5
1536,1555
3241,3211
3241,3246
743,550
3,24
3228,3224
0,10
2831,2873
0,6
0,1
0,1
3043,2803
2,3
28,11
0,0
3086,3053
0,12
3241,3250
0,1
3241,3229
0,0
3309,3265
1,4
1536,1547
0,0
3086,3047
1,1
12,3
1536,1517
3086,3043
3086,3113
26,19
0,0
3086,3094
0,0
0,0
2973,2989
3228,3282
0,1
3,32
2973,2984
1536,1550
3069,3016
0,0
0,0
3,4
1,54
0,4
3180,3195
74,78
3069,3069
3043,3172
1,14
4,10
0,0
0,4
3228,3230
0,0
0,0
3241,3295
0,0
0,0
0,0
743,500
0,6
0,0
1,1
3086,3049
0,0
0,10
2831,2838
3228,3315
0,0
0,1
1,13
1,6
1536,1530
3228,3190
2,23
3086,3053
3086,3106
3086,3086
3086,3092
3069,3054
2,9
3228,3225
1536,1555
0,1
0,0
1536,1552
3241,3234
0,0
0,3
2831,2863
23,13
2,33
0,4
0,2
3241,3626
3309,3262
0,1
0,0
5,6
743,707
3228,3201
9,0
325,278
2831,2825
194,139
2831,2807
0,0
3086,3163
1536,1556
0,0
0,1
0,0
3043,2968
1,11
12,99
3309,3296
78,64
84,64
0,0
0,7
3241,3223
0,0
2973,2991
0,9
3086,3067
0,0
2973,3020
0,0
0,0
0,2
3241,3229
0,0
98,99
84,216
1536,1566
0,1
0,0
0,2
3086,3036
3241,3220
0,16
5,20
1536,1524
0,3
0,0
0,4
3069,3032
3086,3081
3309,3339
0,6
3086,3105
0,2
1536,1584
3309,3385
12,4
0,0
217,41
4,7
3086,3064
3,69
3241,3277
0,0
3241,3253
2831,2807
0,0
3069,3022
0,92
3180,3187
6,4
502,517
0,0
0,4
743,652
6,16
0,12
650,580
3,2
0,5
49,17
0,0
0,2
3241,3231
2,2
0,0
3069,3119
0,0
3241,3215
2,18
23,12
0,4
4,9
0,4
0,0
0,0
2,0
3309,3257
0,1
10,0
3180,3173
74,29
0,4
74,13
219,486
6,32
2,5
743,624
1536,1533
5,13
0,0
2831,2820
1,0
1,18
2973,2982
27,18
0,1
3309,3292
0,0
0,0
743,687
743,532
1536,1541
3086,3111
0,2
3043,2989
2973,2955
0,8
0,0
3309,3312
0,0
0,7
3309,3316
0,1
3086,3027
3069,3005
0,1
0,1
3309,3354
3180,3166
1536,1547
1,1
3043,3037
1,11
0,0
7,4
27,9
2831,2712
3180,3166
0,2
4,7
0,2
0,2
3180,3217
3309,3252
3309,3284
3241,3244
743,582
3086,3056
3086,3090
3086,3105
1,14
3086,3023
22,17
0,4
3086,3102
3309,3273
0,0
3180,3164
1,0
1,41
1536,1553
2,7
3228,3207
2,13
0,2
3180,3159
91,23
0,0
3309,3300
2831,2817
3228,3210
11,16
0,1
111,108
6,10
27,12
2973,3010
3086,3041
0,0
7,14
19,24
0,8
1,0
0,3
2831,2891
3309,3328
18,7
0,0
2973,2959
3180,3171
27,7
0,0
0,6
0,0
0,0
3228,3221
0,0
502,550
1,0
27,24
0,0
3086,2931
0,0
2831,2823
0,9
0,1
73,62
0,3
9,0
3180,3190
0,0
3241,3251
0,0
0,0
3043,3049
3180,3214
0,1
3241,2999
0,6
0,0
3069,2987
0,0
1536,1553
3309,3303
0,1
3180,3165
3086,3076
3241,3188
1,2
24,16
0,0
3069,3032
0,0
8,0
0,2
2973,2953
4,4
2831,2817
743,448
83,57
0,0
1536,1547
0,6
0,0
0,0
3086,3070
30,36
74,72
0,2
0,0
2973,2996
3086,3080
3241,3239
1,4
3180,3177
502,519
0,6
3043,3139
2,3
0,1
0,1
1,0
3180,3161
0,1
219,506
7,3
0,0
3241,3289
57,42
0,0
1,38
3086,3241
0,507
3086,3050
3241,3224
0,0
3069,2944
135,141
99,94
23,1
22,54
0,0
0,1
3241,3285
0,2
0,9
15,20
1,1
2973,2978
0,0
9,12
0,6
1536,1531
3309,3322
27,70
3043,3041
3086,3075
1,4
3,2
3241,3276
3309,3261
0,0
0,0
3180,3173
0,0
3228,3262
2,16
743,660
0,0
2831,2839
0,0
3086,3096
1,14
0,0
109,94
2831,2843
0,0
3241,3240
2,9
0,0
3086,3013
3086,3034
3241,3286
0,2
0,0
3069,3062
49,52
228,210
2973,3004
0,0
0,0
3043,3057
0,0
0,6
3241,3238
5,0
0,4
0,2
1536,1547
0,0
3,11
3086,3071
3069,3033
0,1
2831,2820
3,6
1536,1566
135,12
0,0
0,0
3086,3041
1,4
0,0
0,0
3228,3236
0,5
0,0
0,0
27,13
0,2
5,1
0,0
3180,3052
0,7
3180,3189
2,8
0,3
3,0
91,86
3086,3064
3043,3049
1,8
3241,3177
3241,3200
3241,3208
0,2
3086,3058
0,0
1,1
3086,3085
2973,2972
16,41
18,7
3309,3291
0,0
3086,3081
6,31
3180,3154
6,32
3,12
29,5
3086,3083
1536,1554
0,0
3086,3087
14,13
1,68
111,172
1,1
0,0
33,5
1536,1553
2973,2923
0,12
111,108
3241,3204
3241,3253
3086,3113
0,0
3309,3324
3,11
743,672
3086,3068
177,154
0,4
0,2
3069,3048
0,3
2,0
3086,3080
1536,1532
0,7
24,36
4,16
24,0
3180,3100
3241,3226
3086,3084
1,26
0,2
0,0
0,1
162,126
1536,1535
1536,1499
3228,3235
1,0
3086,3088
0,5
3,0
1,8
1536,1555
3180,3138
0,3
0,4
0,0
1536,1547
0,0
118,32
1536,1553
3069,3065
0,8
0,0
3086,3088
3180,3177
6,2
217,166
217,99
3241,3213
219,477
0,1
0,3
321,359
106,124
502,534
2831,2833
3228,3215
0,0
0,1
6,0
2,0
1,2
1,3
1,0
1,1
4,6
0,0
2973,2992
0,8
0,0
4,36
2973,3013
1,3
109,14
1536,1484
3086,3129
0,14
0,0
3069,3018
3180,3204
3086,3043
0,4
3241,3227
73,105
0,0
0,5
1,2
13,30
3241,3221
0,0
0,0
2,13
0,0
0,1
2973,2983
0,2
24,29
0,0
0,1
0,0
0,3
1,0
3086,3060
22,0
3086,3066
3241,3227
1,0
5,0
0,4
0,0
0,2
321,320
0,5
321,345
3241,3213
3309,3270
3309,3345
0,0
3180,3172
1,20
3241,3162
0,20
3,0
3241,3231
3241,3264
16,18
217,214
0,0
0,1
0,2
3069,3060
177,140
3241,3219
0,0
20,20
0,2
3,14
0,0
3241,3231
0,0
4,8
1,2
3086,3009
10,39
106,125
3043,3095
1,0
1536,1553
3086,3067
3241,3211
0,2
3228,3216
502,528
0,1
0,2
2,44
2973,2989
0,0
3241,3196
3086,3014
3241,3223
3228,3255
33,24
743,596
0,0
111,598
219,644
1,1
0,2
0,1
1536,1560
0,0
162,52
1,0
0,135
0,5
9,7
3241,3238
502,518
2,7
1536,1501
0,1
3241,3295
39,42
24,67
0,1
0,2
0,5
1,0
10,1
0,0
3241,3304
0,0
0,4
0,2
0,0
3086,3118
3309,3264
2973,2954
0,0
1,39
0,1
1536,1555
3228,3210
12,6
32,29
1536,1546
3241,3277
0,0
2831,2839
1536,1562
3228,3220
0,0
2831,2773
0,0
502,544
1,10
1,0
2,0
11,3
4,14
0,2
0,1
10,9
2831,2808
78,74
0,0
5,9
1536,1553
3,0
0,0
3086,3091
0,0
6,2
9,9
2973,2956
0,0
0,0
3086,3086
0,22
3,1
2831,2837
1,9
9,8
0,0
0,0
0,11
2,3
0,14
3,19
1536,1534
0,8
3180,3191
0,0
0,0
3228,3265
3241,3269
0,3
70,93
1,1
0,0
0,0
3180,3167
1,11
0,19
3086,3092
111,277
3241,3249
0,0
0,1
1,1
2,6
0,8
4,10
2973,2962
2973,2995
3241,3227
0,0
4,15
0,0
1536,1553
0,15
2831,2861
0,4
3228,3221
16,15
3241,3172
0,0
502,495
0,41
0,3
0,0
3228,3222
3241,3241
0,6
27,3
3,0
111,529
0,6
321,330
8,6
0,0
2,15
217,268
0,0
219,534
2973,3002
0,1
1536,1566
0,0
0,0
2,0
1,14
0,0
1,0
3241,3277
2973,3038
0,0
1,2
3180,3184
3086,3058
2831,2853
0,0
0,0
0,4
3180,3152
3241,3254
2973,2953
54,4
75,65
3309,3304
1536,1545
135,41
0,0
3086,3082
3241,3225
18,13
1,16
2831,2823
3086,2913
1,0
3241,3179
3086,3019
0,0
3180,3206
3180,3277
194,227
3069,3080
0,0
0,4
0,2
0,0
0,0
3086,3066
3241,3263
0,0
23,7
0,1
33,0
0,2
3309,3302
1,23
3241,3252
2973,3008
3180,3216
1536,1535
0,0
743,650
3241,3145
26,17
3043,3018
3241,3260
3086,3121
4,6
2973,3010
27,15
0,1
0,1
0,0
1536,1536
3309,3314
86,3
0,0
156,80
3086,3087
3180,3169
0,7
0,2
0,1
91,46
3241,3228
3241,3235
6,20
1,2
0,13
0,2
3309,3271
3228,3230
0,9
0,0
0,1
0,0
20,14
1536,1530
0,2
1,0
3086,3082
743,278
14,0
11,1
2,6
0,0
15,62
3241,3203
0,5
3180,3190
743,696
3086,3055
3241,3262
125,85
13,33
2831,2867
2,0
194,212
3043,3347
1,1
0,3
0,3
0,0
0,2
2,19
0,0
1,6
0,0
34,15
3228,3243
3228,3231
0,0
0,0
3228,3246
22,34
1536,1587
10,24
0,10
8,15
0,1
1,4
115,81
6,7
0,0
0,1
3241,3216
3043,3089
1,0
1,1
0,5
0,1
0,5
0,0
2973,2978
1,3
0,0
3309,3315
0,0
3180,3126
1536,1532
19,25
0,2
1,1
0,0
1,10
0,0
3241,3253
0,0
53,5
3069,3063
0,0
0,0
3241,3238
0,1
3228,3286
0,0
3069,2810
0,0
5,13
25,13
3086,3127
3228,3190
0,0
3241,3210
0,0
0,0
3069,3034
24,1
98,109
3069,2987
0,0
17,11
0,0
502,519
0,0
10,17
0,3
1536,1531
3309,3329
3086,3031
3241,3215
0,0
0,11
2973,2983
743,675
1536,1567
0,1
0,5
1,11
0,1
2831,2868
0,1
1536,1549
1536,1533
1536,1537
0,0
743,430
3180,3208
0,26
3086,3048
1536,1576
0,0
0,0
0,0
42,10
27,1
0,5
147,80
3241,3233
2973,2966
0,0
30,1
3180,3173
3228,3253
3241,3174
0,82
2,0
3086,3152
3086,3092
3086,3091
743,664
3309,3239
4,5
0,5
91,44
0,0
47,30
15,9
1536,1545
3241,3241
0,3
83,31
0,6
0,0
3241,3232
3241,3232
0,0
121,108
1536,1554
30,12
7,0
74,12
0,3
75,49
0,0
1,4
3180,3167
45,16
3180,3199
2,1
0,0
0,2
3180,3173
217,254
25,26
14,32
4,9
3241,3216
0,7
0,2
0,4
1,78
3180,3165
0,0
0,3
3086,3112
3241,3267
2973,2983
4,10
1,11
1,0
3180,3155
0,0
1,0
3241,3231
321,329
3086,3174
3086,3080
3086,3085
2,39
17,5
0,0
3241,3237
36,16
0,0
2,11
0,1
3241,3263
5,13
1,0
2973,2962
1536,1546
4,0
94,55
0,0
7,35
13,9
1,2
0,0
0,0
0,0
2,75
3086,3058
0,2
1,2
228,215
1536,1557
99,83
4,3
3180,3227
49,6
3241,3251
3241,3249
3069,3021
135,82
6,2
6,3
0,0
3069,2940
3241,3250
650,750
1,0
1,6
14,4
16,10
1,0
0,0
15,57
3,0
4,0
0,9
111,446
1536,1463
2831,2750
2,335
2,5
0,0
3180,3064
0,0
3180,3168
743,607
3309,3285
3309,3257
3228,3222
5,16
0,1
3069,3108
50,47
75,79
3,0
0,0
70,68
0,0
0,7
0,0
0,0
91,35
3180,3195
1,14
0,2
2,0
325,242
3086,3047
0,2
1536,1558
3,1
0,24
3241,3249
0,8
2,2
0,5
3086,3142
3309,3318
0,2
3180,3175
3309,3298
1536,1540
0,1
0,0
5,23
3180,3194
0,0
1,4
3228,3168
3241,3269
0,0
3180,3165
3086,3068
2831,2829
0,1
17,0
3228,3216
0,0
219,372
3241,3281
6,6
11,17
217,101
0,2
0,0
228,226
3241,3247
3086,3043
0,0
0,0
3086,3058
2831,2843
2,12
2831,2832
0,0
3086,3193
3086,3143
2973,2995
2973,2998
0,0
3241,3250
94,72
219,629
3086,3054
3180,3167
0,0
27,11
3069,3068
2973,2983
3241,3254
217,239
2,3
3228,3162
0,0
3309,3335
37,41
111,400
2973,2987
0,0
0,2
3086,3085
0,1
3,3
3086,3038
3086,3210
0,0
743,532
3241,3227
0,4
0,10
0,6
0,1
111,473
0,3
24,2
502,514
3086,3097
1536,1532
3043,2959
3086,3074
13,17
3241,3274
3069,3052
1,8
321,338
0,1
0,0
1,6
2831,2887
0,1
3180,3111
0,0
2,45
1,15
5,29
3241,3259
50,19
0,0
0,0
3228,3211
0,0
0,4
0,0
3241,3200
219,626
3180,3169
0,0
20,4
1536,1541
3241,3246
1,3
162,61
3309,3342
0,0
18,6
3241,3286
3309,3329
17,48
1,5
3241,3172
0,2
11,2
3241,3210
0,0
1,0
2973,2974
0,1
5,0
3309,3235
26,0
1,2
3069,3042
27,15
0,0
3086,3082
2973,2980
0,1
0,0
0,0
2973,2963
3069,3020
0,7
0,0
24,0
0,13
1536,1530
4,5
0,0
0,0
3086,3222
3180,3193
2831,2735
28,15
2831,2770
9,4
0,0
3309,3300
2831,2790
0,4
1,1
0,0
1536,1533
2973,2951
3241,3245
2973,2990
0,2
0,1
3069,3062
8,6
2973,3014
1,3
0,0
3241,3234
3228,3233
3069,3035
0,1
0,0
6,7
9,0
3228,3238
2,57
1,0
3241,3214
118,82
3228,3192
0,0
84,54
1536,1534
3241,3224
0,0
0,1
3043,3000
0,3
70,164
3309,3300
1,3
502,529
3180,3211
321,399
2,0
2831,2850
0,0
15,13
2831,2824
4,0
0,0
0,3
2,4
3228,3221
28,10
0,3
3241,3254
0,0
0,1
3180,3180
3309,3328
6,8
0,5
3086,3107
3180,3198
0,1
502,515
3241,3163
2973,2934
3180,3174
1,11
3241,3267
0,26
1536,1578
2831,2820
3043,3043
19,5
2,14
3241,3264
0,0
3086,3086
1,0
4,8
1536,1534
10,7
1,195
0,3
37,20
0,0
0,3
1536,1536
29,4
1536,1551
0,1
18,8
1536,1554
1536,1592
4,14
0,0
1,2
0,1
0,0
743,595
1536,1532
3069,3030
2,0
3086,3044
3180,3164
0,0
3,12
5,0
0,4
3309,3285
1,0
1536,1543
3309,3303
0,1
2970,2929
3086,3124
44,0
194,176
1,6
3241,3352
8,71
3241,3225
743,625
3241,3210
743,396
743,402
0,0
0,5
94,90
0,21
6,3
0,1
0,4
1536,1520
743,751
0,0
3,38
3086,3098
0,0
0,2
1,6
49,28
32,112
4,7
3241,3234
111,108
0,0
147,77
3180,3308
3069,3122
0,9
3,2
3,12
0,0
2973,2983
2,0
3241,3172
70,56
2,17
3086,3073
3086,3062
321,291
0,2
1,8
0,0
3241,3263
8,4
28,3
743,613
2831,2819
3069,3015
1,0
2973,3028
0,4
0,1
3241,3209
3228,3238
2973,2986
3043,3033
0,0
0,0
0,2
3241,3426
0,0
194,235
1,13
3,2
2,0
0,0
70,69
3069,2984
5,8
0,0
0,0
0,0
2,0
3086,3019
0,0
2,0
0,0
0,2
118,97
0,0
0,2
0,1
2831,2823
73,56
3180,3173
3241,3222
1,1
57,44
0,0
3241,3161
0,6
2,0
22,0
0,13
4,39
0,3
3241,3234
0,0
3309,3268
2973,2967
0,3
3180,3170
0,1
0,0
0,0
0,1
0,0
3086,3090
3086,3028
57,51
98,37
2831,2793
135,69
0,4
4,4
2831,2824
0,4
2,8
1,11
2831,2842
0,4
0,0
3228,3241
33,16
1536,1594
2,0
15,11
3241,3250
0,0
3,2
2970,2950
1,7
2973,2934
4,4
3180,3249
0,0
3180,3150
3241,3197
3086,3051
13,28
1,61
0,0
10,10
3241,3217
70,86
1536,1533
0,0
5,11
1,4
0,0
2831,2842
2,12
0,1
0,4
2973,2905
3309,3303
99,110
0,0
1536,1554
0,0
1536,1543
3086,3006
743,666
502,519
2970,2990
2831,2843
4,12
0,0
5,4
74,101
2973,3002
0,0
3241,3255
0,0
3241,3240
0,0
0,0
17,46
111,546
39,62
3086,3069
0,0
1,0
0,3
2831,2746
0,0
3180,3165
3086,3039
1,21
5,81
194,116
17,24
0,6
3241,3260
0,2
177,140
3241,3232
1,0
0,2
121,91
0,0
3241,3253
19,7
2973,2988
3241,3210
3241,3281
0,2
0,8
3086,3058
1536,1556
0,1
0,4
0,0
0,0
3241,3229
2,5
3241,3224
37,40
0,0
0,2
3309,3335
2831,2831
4,3
3086,3053
0,0
8,4
3228,3212
6,0
147,128
0,0
3241,3324
321,356
1,0
1,0
6,12
0,0
3086,3084
0,3
3069,3001
3069,3053
0,1
1,0
3180,3166
21,0
0,0
1536,1530
0,0
0,0
2973,2983
1,1
0,2
0,0
3,6
1,3
3241,3216
86,34
3,2
1,2
0,0
0,0
0,3
0,1
3086,3034
0,1
3,0
3241,3201
0,0
0,0
3069,3038
0,0
20,8
2973,2992
111,653
0,0
0,7
3069,2975
9,24
83,61
0,0
0,4
3241,3237
2,1
0,0
13,9
3086,3070
109,84
0,0
2,10
1,0
9,20
219,499
0,1
3086,3016
28,11
0,0
1,0
20,52
1,2
0,2
3241,3240
0,0
3180,3189
0,2
106,114
0,0
3228,3140
0,6
2831,2872
5,23
0,4
0,0
13,0
0,0
2,1
1,0
2973,2984
0,4
3,0
321,426
106,96
2831,2797
3086,3063
2831,2860
23,22
0,3
1536,1536
0,0
3228,3236
3086,3062
0,34
1,4
0,0
3180,3217
3086,3088
0,0
1,0
2831,2761
1,5
3069,3036
0,2
94,66
0,1
1536,1565
1,1
3228,3223
2,140
0,0
3309,3277
3241,3245
3228,3260
3086,3051
26,4
0,0
0,1
0,9
7,8
1536,1569
3086,3024
0,0
3309,3233
0,0
3043,2978
0,30
3086,3078
0,4
1536,1455
3241,3302
0,0
0,4
1536,1544
18,10
3086,3055
0,1
11,12
3086,3097
743,413
2973,2987
2,0
3086,3088
3241,3218
3241,3237
3241,3206
3228,3213
0,3
0,3
10,4
0,3
0,0
33,17
29,44
2,2
14,31
0,0
3,10
0,0
0,0
1,5
0,2
3086,3094
2,1
7,7
1,2
0,2
194,181
3086,3082
2,12
3241,3251
1,3
2831,2816
2831,2893
16,16
49,29
2,0
3228,3267
0,2
147,43
0,0
0,0
1,19
2973,3058
3086,3076
3086,3024
0,21
0,0
0,0
2973,2993
3241,3294
217,519
0,1
3241,3189
0,0
3069,2992
3,46
502,496
1536,1465
228,182
0,3
3069,3050
3043,3056
27,3
3309,3302
3043,3040
0,2
8,13
0,1
42,8
0,1
6,85
3309,3339
0,0
66,46
3241,3205
84,70
0,1
0,0
3241,3256
0,1
3180,3220
0,3
177,140
0,2
0,0
27,16
3086,3052
0,9
0,0
2973,2990
2,16
0,22
0,0
0,0
3086,3062
0,0
78,76
0,11
3180,3187
1,1
0,0
12,5
3086,3091
0,0
1,5
1,0
33,7
3309,3256
743,455
12,14
3086,3043
3043,3070
2973,2975
0,0
3086,3076
72,52
0,3
4,0
3241,3196
743,653
0,1
3086,3138
3241,3057
0,0
3069,3024
0,1
0,4
0,13
3180,3155
0,0
1536,1536
1,0
0,0
1,25
1,0
0,0
3241,3246
2,25
1,0
3309,3260
2831,2785
3086,3084
0,0
3069,3033
3069,3018
0,0
1,0
0,0
0,5
3086,3080
1,39
3228,3239
0,0
0,0
3241,3246
0,531
3086,3084
0,5
3,4
3069,3042
0,0
0,1
0,1
57,51
0,0
0,0
0,0
3069,3061
3086,3061
3309,3352
3241,3216
60,11
217,128
1,0
0,1
1536,1541
9,0
3069,3143
3069,3008
3241,3268
153,81
16,2
0,0
3086,3019
3,0
3086,3090
0,0
0,0
502,519
10,31
3086,3109
3180,3177
0,0
4,13
0,0
11,29
0,0
0,0
3086,3062
3241,3324
3228,3196
0,1
0,0
15,23
6,15
3086,2999
0,0
10,5
3086,3040
0,4
3180,3264
0,0
0,3
3086,3062
0,0
0,0
0,6
2,5
1536,1533
0,0
3309,3286
3241,3234
0,0
1,1
9,20
0,3
4,36
0,0
0,0
0,0
118,72
0,0
3069,3034
3241,3231
3,12
3069,3096
3043,3046
0,1
2831,2821
0,0
3086,3074
1,0
3228,3211
0,0
3180,3163
1,8
3180,3173
1,0
0,0
23,12
0,0
0,0
106,74
1,0
1536,1579
2,10
0,1
1,1
0,1
0,15
0,8
2831,2853
33,8
6,11
3309,3303
0,0
321,330
3309,3294
6,4
0,0
2973,3001
0,0
0,0
3180,3229
0,15
0,1
0,0
0,0
0,1
502,518
0,0
0,10
10,5
3180,3172
0,1
3309,3308
0,0
1536,1543
5,10
12,9
9,9
39,51
194,219
1536,1532
0,14
0,0
3069,3044
1536,1535
0,0
2973,2939
1536,1545
3241,3292
2973,2972
15,10
3241,3239
1,0
743,564
0,0
5,0
1536,1549
84,36
321,301
1536,1556
3241,3291
3086,3116
0,0
3086,3040
0,10
3086,3079
0,0
0,1
2,22
3241,3227
1536,1590
27,9
61,190
8,28
1536,1514
0,16
3241,3225
3,7
0,0
3241,3295
1,0
0,0
3086,3076
3069,3025
15,18
743,622
0,0
2970,2972
3228,3208
3241,3240
3180,3202
3180,3170
2,1
0,1
38,6
3241,3276
3086,3041
3,7
0,0
1536,1556
0,0
1536,1538
1,4
3241,3228
0,3
6,3
3086,3091
3086,3013
0,2
0,0
0,0
3086,3072
1,0
3181,2057
0,0
3086,3076
3086,3048
1536,1566
1,15
11,2
2973,3012
2973,2994
27,12
3069,3029
0,0
5,3
1,5
0,4
0,25
0,0
2,0
3241,3263
3086,3038
0,0
1536,1548
57,40
0,4
3241,3306
0,18
0,0
0,8
0,5
0,1
57,40
3228,3230
0,0
2831,2749
0,0
1,0
3241,3215
1,8
1,0
3043,3047
0,21
0,1
4,0
0,0
1,0
3309,3319
3086,3024
0,4
3086,3099
3241,3246
743,575
0,0
321,451
0,0
502,520
0,0
3309,3215
0,0
3,11
0,0
0,0
0,0
14,50
0,1
12,28
3241,3339
743,681
0,1
3086,3067
3241,3305
3086,3056
70,41
0,0
3309,3348
2973,2885
0,1
3086,3086
3043,3062
0,0
2,3
3180,3206
3086,3103
0,0
3043,3079
0,0
0,0
0,4
0,0
5,3
22,12
0,0
1,12
3043,3056
0,0
2,0
0,17
2,4
4,18
3241,3339
0,12
0,3
2,1
1536,1547
0,0
0,0
0,0
3241,3187
2971,2917
0,0
0,0
0,2
153,43
3086,3069
0,0
3,15
3,21
0,0
0,1
3086,3094
0,0
1536,1555
0,0
106,16
3069,3030
3228,3215
1536,1548
0,1
0,0
0,0
3069,3032
3180,3081
3241,3181
28,82
1536,1541
3069,3037
0,0
219,855
1,24
0,3
3043,3045
5,9
0,0
0,0
3241,3283
0,10
3086,3096
0,0
2,10
1536,1510
3086,3087
14,1
0,23
3180,3140
95,35
0,2
2973,2964
0,0
321,357
0,0
4,6
292,203
3180,3182
2,3
0,2
0,2
57,51
1,25
108,2
0,0
3241,3194
0,2
0,0
0,0
99,69
0,4
3086,3111
2,26
2973,2985
0,1
3228,3201
0,0
3086,3047
3180,3146
3,0
0,0
3086,3122
0,3
0,0
3309,3113
0,0
3,1
2,1
3241,3277
2973,2985
0,6
1536,1534
219,666
0,17
0,4
2831,2813
4,12
743,582
8,8
53,48
3241,3262
0,0
2,0
3309,3337
17,8
0,1
3241,3268
3043,3000
0,13
743,518
3241,3193
5,0
0,15
0,0
5,19
3086,3076
1536,1533
2,8
0,0
3086,3046
3086,3066
5,5
12,13
3086,3119
3241,3236
0,3
3228,3258
57,38
3086,3090
4,6
3086,2992
19,33
3241,3241
1536,1506
217,179
3043,3049
1,19
4,37
2831,2749
0,1
3241,3243
3,79
1536,1554
3086,2991
3241,3221
3241,3262
3,8
3086,3116
3241,3263
0,0
743,696
1536,1542
99,109
2831,2824
0,7
0,0
3241,3233
1,4
0,1
2831,2815
3228,3233
743,536
0,0
3241,3258
0,13
0,0
3241,3174
3086,3104
3086,3084
0,11
4,4
3228,3200
1,0
1,0
125,75
2970,3032
0,4
0,0
6,0
3086,3101
0,1
3086,3064
2,6
1,2
0,4
3241,3259
0,0
0,14
0,8
0,1
650,736
0,4
2831,2685
0,3
1,15
0,0
3309,3354
3228,3264
0,3
3241,3242
0,0
98,76
3086,2976
3180,3185
0,0
3241,3204
0,0
1,10
0,27
3069,3077
0,0
3086,3036
2831,2799
3086,3032
0,1
0,1
0,0
502,502
15,13
3241,3228
2,3
162,57
42,4
94,33
135,131
3086,3100
3309,3248
0,5
0,6
24,13
0,7
0,1
45,8
0,0
0,0
3309,3299
3228,3210
3241,3137
502,505
3,1
3228,3184
1536,1525
743,625
3241,3249
0,0
0,0
94,77
3086,3134
2831,2840
0,3
18,12
0,0
3086,3078
3,9
6,106
2831,2785
1,0
3043,3039
3241,3227
0,2
20,9
1,0
214,9
0,0
3241,3225
2973,2993
3,0
319,16
0,2
1,1
1,0
5,0
2973,2985
0,2
3086,3089
3241,3260
3309,3286
3309,3237
0,0
1,0
14,3
16,37
743,603
3241,3230
0,5
3086,3060
0,1
3069,3078
1536,1557
2,19
0,1
0,0
0,0
3069,3044
3241,3217
3086,3051
0,0
3228,3206
321,345
14,20
15,20
2831,2853
0,7
0,6
1,0
133,16
4,17
2831,2845
0,2
0,0
0,14
3241,3253
3086,3062
0,3
1,0
2831,2821
3241,3273
0,2
3180,3180
70,33
0,26
3086,3154
3086,3067
0,0
3086,3056
293,129
0,0
0,0
3086,3056
0,13
3086,3018
1,0
0,4
12,21
0,0
3241,3241
3086,3086
0,4
0,0
0,0
1536,1549
0,4
27,9
2,11
1,12
3228,3223
0,0
1,12
1,3
20,21
0,0
217,222
3228,3215
11,13
4,6
57,40
1536,1531
3043,3029
6,14
3086,3106
0,6
2831,2795
0,3
72,42
1,0
3069,3089
0,0
1,12
1536,1614
0,2
3241,3244
3086,3081
0,11
0,13
502,520
3228,3254
12,0
7,2
0,0
3069,3123
3228,3238
3,0
1,6
1,0
0,0
2973,2989
0,0
2973,2947
0,3
0,3
19,13
502,507
3069,2987
3241,3289
23,17
0,1
2,0
37,41
0,6
2973,2990
1536,1553
321,336
0,0
0,0
3,1
7,7
0,0
2,11
1,0
2,5
3180,3196
3241,3281
1,0
0,2
3241,3251
1,178
0,1
0,0
743,536
7,24
743,578
2973,2983
0,6
20,14
2,2
3086,3117
0,0
16,45
0,0
0,0
26,12
2973,2999
2,32
147,82
1536,1539
135,143
3309,3306
3086,3096
3228,3224
0,0
0,4
1536,1555
743,575
0,0
2831,2810
3086,3028
0,1
2973,2968
0,4
188,30
0,0
1,2
5,0
3069,3034
3241,3273
3241,3250
0,3
3241,3253
17,1
0,0
1536,1538
3086,3120
111,533
111,174
3,1
3241,3147
3228,3307
32,36
3,46
3180,3188
3086,3022
0,0
0,0
0,5
57,0
45,87
743,532
3241,3255
0,6
2973,2951
1,0
0,0
219,535
4,9
1,11
0,0
0,0
3086,3076
1,3
0,0
1,0
8,14
743,516
135,131
0,2
73,48
0,5
7,9
3241,3238
3228,3234
1,27
3086,3094
3086,3066
0,1
3180,3185
1,2
3069,3059
0,19
0,0
0,0
3069,3062
3069,3019
3086,3075
0,0
1536,1619
8,3
3241,3204
3086,3044
0,2
1,2
0,2
3180,3162
0,3
2973,2970
1536,1576
743,565
3086,3071
78,70
3241,3246
3086,3221
2973,2932
0,0
3086,3118
1,9
0,2
3228,3198
1536,1526
4,15
0,0
0,0
0,0
321,328
3086,3068
0,0
0,0
0,6
3241,3223
3228,3244
3069,3047
0,1
0,0
3086,3117
0,0
3069,3064
3,6
3228,3224
0,0
3241,3242
0,0
0,0
321,414
3241,3289
3241,3226
1,1
1,0
1536,1545
3241,3224
2,0
3241,3274
2973,3006
1536,1536
10,9
0,1
3,50
3241,3196
2973,2951
121,54
217,197
9,5
3309,3322
5,2
2,0
1,21
3241,3272
3086,2983
0,15
0,0
0,0
6,23
0,1
1536,1550
2,15
3043,3048
147,41
3228,3179
1,0
743,579
3069,3078
3086,3107
0,5
0,0
0,1
1,8
217,215
3086,3070
0,0
0,0
0,1
12,9
0,1
1,0
0,2
5,6
8,11
3241,3243
0,0
2973,2994
0,0
135,136
28,6
0,0
3309,3293
650,545
3228,3208
0,0
0,1
0,22
0,0
3,28
3043,3050
3086,3045
15,13
0,0
1,2
219,572
1,8
1,1
34,6
1,0
1,0
0,0
2,26
3069,3055
25,21
4,8
3069,2986
0,0
66,8
3180,3195
2973,2982
2,4
8,18
16,32
3,6
502,518
4,7
219,488
0,2
16,24
0,0
32,28
0,2
0,1
3069,3078
0,6
3069,3103
2,3
0,0
3241,3281
0,9
53,67
0,8
743,480
3228,3241
3241,3227
0,5
3086,3064
1,11
15,13
0,0
2831,2757
194,132
156,87
3309,3302
3241,3247
3241,3238
0,7
0,0
1536,1554
98,186
0,0
2831,2763
0,3
3228,3216
0,4
0,0
0,0
15,24
217,411
0,0
3086,3035
3086,3067
3241,3300
1,3
0,1
1,2
0,0
4,8
219,612
83,41
26,11
0,0
1536,1550
0,0
0,0
84,28
3086,2998
